"","usageKey","countryCode","stateProvince","locality","decimalLatitude","decimalLongitude","eventDate","recordedBy","image","institutionID","collection_id","sex","preservation","bodypart","localisation","order","family","genus","canonicalName","authorship"
"1","6942601","IT","Sicilia ","Trapani, Pantelleria Bagno dell'Acqua","36.81","11.98","2021-05-29","P. Audisio",NA,"MAB",NA,NA,NA,NA,NA,"Coleoptera","Oedemeridae","Stenostoma","Stenostoma cossyrense","Bologna, 1995"
"2","6942601","IT","Sicilia ","Trapani, Pantelleria Cala 5 denti","36.81","12","1983-07-5/1983-07-24","P. Canestrelli",NA,"MVE",NA,NA,NA,NA,NA,"Coleoptera","Oedemeridae","Stenostoma","Stenostoma cossyrense","Bologna, 1995"
"3","6942601","IT","Sicilia ","Trapani, Pantelleria Cala 5 denti","36.81","12","1983-07-18","E. Ratti",NA,"MVE",NA,NA,NA,NA,NA,"Coleoptera","Oedemeridae","Stenostoma","Stenostoma cossyrense","Bologna, 1995"
"4","6942601","IT","Sicilia ","Pantelleria Island, Bivio Piano Ghirlanda","36.7","11.9","2019-06-17","M. Pavesi",NA,"coll. Poloni","4673b","","ethanol 96","whole body","MAB (Roma 3 University, Rome)","Coleoptera","Oedemeridae","Stenostoma","Stenostoma cossyrense","Bologna, 1995"
"5","6942601","IT","Sicilia ","Pantelleria Island, Bivio Piano Ghirlanda","36.7","11.9","2019-06-17","M. Pavesi",NA,"coll. Poloni","4673c","","ethanol 96","whole body","MAB (Roma 3 University, Rome)","Coleoptera","Oedemeridae","Stenostoma","Stenostoma cossyrense","Bologna, 1995"
"6","6942601","IT","Sicilia ","Pantelleria Island, Bivio Piano Ghirlanda","36.7","11.9","2019-06-17","M. Pavesi",NA,"coll. Poloni","4673d","","ethanol 96","whole body","MAB (Roma 3 University, Rome)","Coleoptera","Oedemeridae","Stenostoma","Stenostoma cossyrense","Bologna, 1995"
"7","6942601","IT","Sicilia ","Pantelleria Island, Bivio Piano Ghirlanda","36.7","11.9","2019-06-17","M. Pavesi",NA,"coll. Poloni","4673e","","ethanol 96","whole body","MAB (Roma 3 University, Rome)","Coleoptera","Oedemeridae","Stenostoma","Stenostoma cossyrense","Bologna, 1995"
"8","6942601","IT","Sicilia ","Pantelleria Island, Bivio Piano Ghirlanda","36.7","11.9","2019-06-17","M. Pavesi",NA,"coll. Poloni","4673f","","ethanol 96","whole body","MAB (Roma 3 University, Rome)","Coleoptera","Oedemeridae","Stenostoma","Stenostoma cossyrense","Bologna, 1995"
"9","6942601","IT","Sicilia ","Pantelleria Island, Bivio Piano Ghirlanda","36.7","11.9","2019-06-17","M. Pavesi",NA,"coll. Poloni","﻿4673a","","ethanol 96","whole body","MAB (Roma 3 University, Rome)","Coleoptera","Oedemeridae","Stenostoma","Stenostoma cossyrense","Bologna, 1995"
"10","6942601","IT","Sicilia ","Trapani, Pantelleria, Khattibuale","36.82","11.98","2019-06-17","M. Pavesi",NA,"coll. Poloni",NA,NA,NA,NA,NA,"Coleoptera","Oedemeridae","Stenostoma","Stenostoma cossyrense","Bologna, 1995"
"11","6942601","IT","Sicilia ","Trapani, Pantelleria, Lago (= Specchio di Venere)","36.81","11.98","1983-07-05/1983-07-24","P. Canestrelli",NA,"MAB",NA,NA,NA,NA,NA,"Coleoptera","Oedemeridae","Stenostoma","Stenostoma cossyrense","Bologna, 1995"
"12","6942601","IT","Sicilia ","Trapani, Pantelleria, Lago (= Specchio di Venere)","36.81","11.98","1983-07-05/1983-07-24","P. Canestrelli",NA,"MVE",NA,NA,NA,NA,NA,"Coleoptera","Oedemeridae","Stenostoma","Stenostoma cossyrense","Bologna, 1995"
"13","6942601","IT","Sicilia ","Trapani, Pantelleria, Specchio di Venere","36.81","11.98","2019-06-17","M. Pavesi",NA,"MAB",NA,NA,NA,NA,NA,"Coleoptera","Oedemeridae","Stenostoma","Stenostoma cossyrense","Bologna, 1995"
"14","6942601","IT","Sicilia ","Trapani, Pantelleria, Lago di Venere","36.81","11.98","2019-06-17","M. Pavesi",NA,"coll. Poloni",NA,NA,NA,NA,NA,"Coleoptera","Oedemeridae","Stenostoma","Stenostoma cossyrense","Bologna, 1995"
"15","6942601","IT","Sicilia ","Trapani, Pantelleria, Tracino","36.79","12.04","1993-06-28","B. Massa",NA,"MZP",NA,NA,NA,NA,NA,"Coleoptera","Oedemeridae","Stenostoma","Stenostoma cossyrense","Bologna, 1995"
"16","9175253","PT","Madeira ","Madeira Island, Curral das Freiras","32.71","-16.96","","",NA,"Erber & Hinterseher (1988 as Oedemerella)",NA,NA,NA,NA,NA,"Coleoptera","Oedemeridae","Stenostoma","Stenostoma lowei","(Wollaston, 1854)"
"17","9175253","PT","Madeira ","Madeira Island, Encumeada","32.75","-17.01","","",NA,"Erber & Hinterseher (1988 as Oedemerella)",NA,NA,NA,NA,NA,"Coleoptera","Oedemeridae","Stenostoma","Stenostoma lowei","(Wollaston, 1854)"
"18","9175253","PT","Madeira ","Madeira Island, Madera boreali  ad Sanctam Annam  ","32.8","-16.88","","",NA,"Wollaston (1954)",NA,NA,NA,NA,NA,"Coleoptera","Oedemeridae","Stenostoma","Stenostoma lowei","(Wollaston, 1854)"
"19","9175253","PT","Madeira ","Madeira Island, Pico Ruivo","32.75","-16.94","","",NA,"Erber & Hinterseher (1988 as Oedemerella)",NA,NA,NA,NA,NA,"Coleoptera","Oedemeridae","Stenostoma","Stenostoma lowei","(Wollaston, 1854)"
"20","9175253","PT","Madeira ","Madeira Island, Raba√ßal ","32.75","-17.11","","",NA,"Erber & Hinterseher (1988 as Oedemerella)",NA,NA,NA,NA,NA,"Coleoptera","Oedemeridae","Stenostoma","Stenostoma lowei","(Wollaston, 1854)"
"21","9175253","PT","Madeira ","Madeira Island, Raba√ßal, Levada Vinte e Cinco Fonte","32.75","-17.11","","",NA,"Erber & Hinterseher (1988 as Oedemerella)",NA,NA,NA,NA,NA,"Coleoptera","Oedemeridae","Stenostoma","Stenostoma lowei","(Wollaston, 1854)"
"22","9175253","PT","Madeira ","Madeira Island, Ribeira de Janela, gorge","32.84","-17.15","","",NA,"Erber & Hinterseher (1988 as Oedemerella)",NA,NA,NA,NA,NA,"Coleoptera","Oedemeridae","Stenostoma","Stenostoma lowei","(Wollaston, 1854)"
"23","9175253","PT","Madeira ","Madeira Island, Seixal ","32.82","-17.1","","",NA,"Erber & Hinterseher (1988 as Oedemerella)",NA,NA,NA,NA,NA,"Coleoptera","Oedemeridae","Stenostoma","Stenostoma lowei","(Wollaston, 1854)"
"24","9175253","PT","Madeira ","Madeira Island, Torrinhas","32.75","-16.96","","",NA,"Erber & Hinterseher (1988 as Oedemerella)",NA,NA,NA,NA,NA,"Coleoptera","Oedemeridae","Stenostoma","Stenostoma lowei","(Wollaston, 1854)"
"25","9175253","PT","Madera ","Eira do Serrado ","32.71","-16.96","2007-07-16","J. Hájek & K. Kalíková",NA,"NMPC",NA,NA,NA,NA,NA,"Coleoptera","Oedemeridae","Stenostoma","Stenostoma lowei","(Wollaston, 1854)"
"26","6942602","IT","Sicilia ","Punta Braccetto ","36.82","14.46","2021-06-12","M. A. Bologna, C. Marangoni",NA,"MAB",NA,NA,NA,NA,NA,"Coleoptera","Oedemeridae","Stenostoma","Stenostoma melitense","Cameron, 1907"
"27","6942602","IT","Sicilia ","Punta Braccetto ","36.82","14.46","1978-08","Pace",NA,"MVR",NA,NA,NA,NA,NA,"Coleoptera","Oedemeridae","Stenostoma","Stenostoma melitense","Cameron, 1907"
"28","6942602","MT","Malta ","Coral Lagoon ","35.996","14.367","2022-06","L. Spagoni",NA,"MAB",NA,NA,NA,NA,NA,"Coleoptera","Oedemeridae","Stenostoma","Stenostoma melitense","Cameron, 1907"
"29","6942602","MT","Malta ","Gozo Island  ","36.05","14.26","2018-05-25","F. Alamanni",NA,"coll. Poloni",NA,NA,NA,NA,NA,"Coleoptera","Oedemeridae","Stenostoma","Stenostoma melitense","Cameron, 1907"
"30","6942602","MT","Malta ","Gozo Island Gozo Dwejra","36.04","14.19","1980-06-29","J. L. Schembri",NA,"MAB",NA,NA,NA,NA,NA,"Coleoptera","Oedemeridae","Stenostoma","Stenostoma melitense","Cameron, 1907"
"31","6942602","MT","Malta ","Gozo Island Gozo Dwejra","36.04","14.19","1980-06-29","J. L. Schembri",NA,"CSCH",NA,NA,NA,NA,NA,"Coleoptera","Oedemeridae","Stenostoma","Stenostoma melitense","Cameron, 1907"
"32","6942602","MT","Malta ","Gozo Island Gozo Xlendi","36.03","14.21","1980-06-27","J. L. Schembri",NA,"MAB",NA,NA,NA,NA,NA,"Coleoptera","Oedemeridae","Stenostoma","Stenostoma melitense","Cameron, 1907"
"33","6942602","MT","Malta ","Gozo Island Gozo Xlendi","36.03","14.21","1980-06-27","J. L. Schembri",NA,"CSCH",NA,NA,NA,NA,NA,"Coleoptera","Oedemeridae","Stenostoma","Stenostoma melitense","Cameron, 1907"
"34","6942602","MT","Malta ","II Kalanka","35.835","14.561","2022-06","L. Spagoni",NA,"MAB",NA,NA,NA,NA,NA,"Coleoptera","Oedemeridae","Stenostoma","Stenostoma melitense","Cameron, 1907"
"35","6942602","MT","Malta ","Imgiebah bay","35.967","14.382","2022-06","L. Spagoni",NA,"MAB",NA,NA,NA,NA,NA,"Coleoptera","Oedemeridae","Stenostoma","Stenostoma melitense","Cameron, 1907"
"36","6942602","MT","Malta ","Malta Island Cirkewwa-Mellieha ","35.98","14.32","2004-06-02","R. Rober",NA,"Vazquez database",NA,NA,NA,NA,NA,"Coleoptera","Oedemeridae","Stenostoma","Stenostoma melitense","Cameron, 1907"
"37","6942602","MT","Malta ","Malta Island, Dingli (Gebel Ciantar)","35.84","14.39","2021-06-20","T. Cassar",NA,"MAB",NA,NA,NA,NA,NA,"Coleoptera","Oedemeridae","Stenostoma","Stenostoma melitense","Cameron, 1907"
"38","6942602","MT","Malta ","Malta Island Fomm ir-rih ","35.9","14.34","1989-07-01","D. Mifsud",NA,"CMIF",NA,NA,NA,NA,NA,"Coleoptera","Oedemeridae","Stenostoma","Stenostoma melitense","Cameron, 1907"
"39","6942602","MT","Malta ","Malta Island Golden Bay ","35.93","14.34","2018-05-24","F. Alamanni",NA,"coll. Poloni",NA,NA,NA,NA,NA,"Coleoptera","Oedemeridae","Stenostoma","Stenostoma melitense","Cameron, 1907"
"40","6942602","MT","Malta ","Malta Island La Valletta Lower Barrakka Gardens","35.89","14.51","2011-06-01","",NA,"FEI",NA,NA,NA,NA,NA,"Coleoptera","Oedemeridae","Stenostoma","Stenostoma melitense","Cameron, 1907"
"41","6942602","MT","Malta ","Malta Island Paradise Bay ","35.98","14.33","1986-07-07","S. Schembri",NA,"MAB",NA,NA,NA,NA,NA,"Coleoptera","Oedemeridae","Stenostoma","Stenostoma melitense","Cameron, 1907"
"42","6942602","MT","Malta ","Malta Island Paradise Bay ","35.98","14.33","1986-07-07","S. Schembri",NA,"CSCH",NA,NA,NA,NA,NA,"Coleoptera","Oedemeridae","Stenostoma","Stenostoma melitense","Cameron, 1907"
"43","6942602","MT","Malta ","Malta Island Ras il Qammieh ","35.96","14.32","1983-06-19","J. L. Schembri",NA,"MAB",NA,NA,NA,NA,NA,"Coleoptera","Oedemeridae","Stenostoma","Stenostoma melitense","Cameron, 1907"
"44","6942602","MT","Malta ","Malta Island Ras il Qammieh ","35.96","14.32","1983-06-19","J. L. Schembri",NA,"CSCH",NA,NA,NA,NA,NA,"Coleoptera","Oedemeridae","Stenostoma","Stenostoma melitense","Cameron, 1907"
"45","6942602","MT","Malta ","Malta Island St. Paul's Islands ","35.96","14.4","1982-05-30","J. L. Schembri",NA,"CSCH",NA,NA,NA,NA,NA,"Coleoptera","Oedemeridae","Stenostoma","Stenostoma melitense","Cameron, 1907"
"46","6942602","MT","Malta ","Malta Island St. Paul's Islands ","35.96","14.4","1982-05-30","J. L. Schembri",NA,"NMPC",NA,NA,NA,NA,NA,"Coleoptera","Oedemeridae","Stenostoma","Stenostoma melitense","Cameron, 1907"
"47","6942602","MT","Malta ","Malta Island St. Paul's Islands ","35.96","14.4","1982-05-30","J. L. Schembri",NA,"MAB",NA,NA,NA,NA,NA,"Coleoptera","Oedemeridae","Stenostoma","Stenostoma melitense","Cameron, 1907"
"48","6942602","MT","Malta ","Malta Island Wiedi Babu ","35.82","14.45","1989-06-24","D. Mifsud",NA,"CMIF",NA,NA,NA,NA,NA,"Coleoptera","Oedemeridae","Stenostoma","Stenostoma melitense","Cameron, 1907"
"49","6942602","MT","Malta ","Malta Island Wiedi Babu ","35.82","14.45","1989-06-24","D. Mifsud",NA,"NMPC",NA,NA,NA,NA,NA,"Coleoptera","Oedemeridae","Stenostoma","Stenostoma melitense","Cameron, 1907"
"50","6942602","MT","Malta ","Malta Island Wiedi Babu ","35.82","14.45","1989-06-24","D. Mifsud",NA,"MAB",NA,NA,NA,NA,NA,"Coleoptera","Oedemeridae","Stenostoma","Stenostoma melitense","Cameron, 1907"
"51","6942602","MT","Malta ","Saint peter Pool","35.833","14.562","2022-06","L. Spagoni",NA,"MAB",NA,NA,NA,NA,NA,"Coleoptera","Oedemeridae","Stenostoma","Stenostoma melitense","Cameron, 1907"
"52","m1","AL","Albania ","Durrës Durrës (as Durazzo) ","41.31","19.43","","",NA,"Magistretti (1941)",NA,NA,NA,NA,NA,"Coleoptera","Oedemeridae","Stenostoma","Stenostoma rostratum","(Fabricius, 1787)"
"53","m1","AL","Albania ","Durrës Durrës (as Durazzo) ","41.31","19.43","","",NA,"Bologna (1981)",NA,NA,NA,NA,NA,"Coleoptera","Oedemeridae","Stenostoma","Stenostoma rostratum","(Fabricius, 1787)"
"54","m1","DZ","El Khala ","El Khala (Lacalle)  Près marais de Tonga ","36.89","8.44","","",NA,"Lucas, 1849",NA,NA,NA,NA,NA,"Coleoptera","Oedemeridae","Stenostoma","Stenostoma rostratum","(Fabricius, 1787)"
"55","m1","DZ"," ","Jijel estuary Oued El Kébir ","36.87","6.08","1981-05-20","Spedizione Algeria ""81"" Boffa-Casale etc.",NA,"NMPC",NA,NA,NA,NA,NA,"Coleoptera","Oedemeridae","Stenostoma","Stenostoma rostratum","(Fabricius, 1787)"
"56","m1","DZ"," ","Jijel Jijel ","36.81","5.77","","",NA,"MNP",NA,NA,NA,NA,NA,"Coleoptera","Oedemeridae","Stenostoma","Stenostoma rostratum","(Fabricius, 1787)"
"57","m1","DZ","Mostaganem ","Mostaganem Mostaganem dune di Stidia","35.79","-0.09","1984-05-22","M. Bologna",NA,"NMPC",NA,NA,NA,NA,NA,"Coleoptera","Oedemeridae","Stenostoma","Stenostoma rostratum","(Fabricius, 1787)"
"58","m1","FR","Bretagne ","Côtes-d'Armor Erquy ","48.619","-2.458","1974-07-04","",NA,"INPN",NA,NA,NA,NA,NA,"Coleoptera","Oedemeridae","Stenostoma","Stenostoma rostratum","(Fabricius, 1787)"
"59","m1","FR","Bretagne ","Finistère Pont-de-Buis-lès-Quimerch ","48.274","-4.108","2002-06-09","",NA,"INPN",NA,NA,NA,NA,NA,"Coleoptera","Oedemeridae","Stenostoma","Stenostoma rostratum","(Fabricius, 1787)"
"60","m1","FR","Corsica ","? Rezza ","42.12368","8.95248","2007-05-26","",NA,"INPN",NA,NA,NA,NA,NA,"Coleoptera","Oedemeridae","Stenostoma","Stenostoma rostratum","(Fabricius, 1787)"
"61","m1","FR","Corsica ","Alèria, Plage de Mar'e Stagnu ","42.118611","9.552778","2022-06-19","A. Riccieri, V. Filippini, E. Erbani",NA,"MAB",NA,NA,NA,NA,NA,"Coleoptera","Oedemeridae","Stenostoma","Stenostoma rostratum","(Fabricius, 1787)"
"62","m1","FR","Corsica ","Borgo, Le Belvedere borgo Plage ","42.601389","9.4975","2022-06-19","A. Riccieri, V. Filippini, E. Erbani",NA,"MAB",NA,NA,NA,NA,NA,"Coleoptera","Oedemeridae","Stenostoma","Stenostoma rostratum","(Fabricius, 1787)"
"63","m1","FR","Corsica ","Casaglione, Plage du Liamone","42.086944","8.710278","2022-06-18","A. Riccieri, V. Filippini, E. Erbani",NA,"MAB",NA,NA,NA,NA,NA,"Coleoptera","Oedemeridae","Stenostoma","Stenostoma rostratum","(Fabricius, 1787)"
"64","m1","FR","Corsica ","Corse du Sud foce dell'Ortolo ","41.5","8.91","1985-07-10/1985-07-20","E. Colonnelli",NA,"MAB",NA,NA,NA,NA,NA,"Coleoptera","Oedemeridae","Stenostoma","Stenostoma rostratum","(Fabricius, 1787)"
"65","m1","FR","Corsica ","Corse du Sud Plage de Conca ","41.57","8.8","","",NA,"Schaefer (1964)",NA,NA,NA,NA,NA,"Coleoptera","Oedemeridae","Stenostoma","Stenostoma rostratum","(Fabricius, 1787)"
"66","m1","FR","Corsica ","Corse du Sud Sari-Solenzara ","41.81348","9.3524","1973-05-01","",NA,"INPN",NA,NA,NA,NA,NA,"Coleoptera","Oedemeridae","Stenostoma","Stenostoma rostratum","(Fabricius, 1787)"
"67","m1","FR","Corsica ","Corse du Sud Sari-Solenzara ","41.81348","9.3524","1973-05-01","",NA,"Schaefer (1964)",NA,NA,NA,NA,NA,"Coleoptera","Oedemeridae","Stenostoma","Stenostoma rostratum","(Fabricius, 1787)"
"68","m1","FR","Corsica ","Corse du Sud Vico ","42.15079","8.73005","1931-07-01","",NA,"INPN",NA,NA,NA,NA,NA,"Coleoptera","Oedemeridae","Stenostoma","Stenostoma rostratum","(Fabricius, 1787)"
"69","m1","FR","Corsica ","Haute Corse Aléria ","42.10611","9.49592","2014-06-27","",NA,"INPN",NA,NA,NA,NA,NA,"Coleoptera","Oedemeridae","Stenostoma","Stenostoma rostratum","(Fabricius, 1787)"
"70","m1","FR","Corsica ","Haute Corse Aléria ","42.10611","9.49592","2014-06-27","",NA,"Schaefer (1964)",NA,NA,NA,NA,NA,"Coleoptera","Oedemeridae","Stenostoma","Stenostoma rostratum","(Fabricius, 1787)"
"71","m1","FR","Corsica ","Haute Corse Aléria, plage du Caterage, Haute-Corse ","42.12","9.54","2002-07-01","P. Leblanc",NA,"Vazquez database",NA,NA,NA,NA,NA,"Coleoptera","Oedemeridae","Stenostoma","Stenostoma rostratum","(Fabricius, 1787)"
"72","m1","FR","Corsica ","Haute Corse Bastia ","42.68641","9.42512","2007-07-05","",NA,"INPN",NA,NA,NA,NA,NA,"Coleoptera","Oedemeridae","Stenostoma","Stenostoma rostratum","(Fabricius, 1787)"
"73","m1","FR","Corsica ","Les sables de Bisiglia","42.59","9.5","2021-07-07","P. Cerretti",NA,"MAB",NA,NA,NA,NA,NA,"Coleoptera","Oedemeridae","Stenostoma","Stenostoma rostratum","(Fabricius, 1787)"
"74","m1","FR","Corsica ","Haute Corse dint. Aleria ","42.09","9.54","1982-08-02","L. Saltini",NA,"coll. Poloni",NA,NA,NA,NA,NA,"Coleoptera","Oedemeridae","Stenostoma","Stenostoma rostratum","(Fabricius, 1787)"
"75","m1","FR","Corsica ","Haute Corse Ghisonaccia Forêt de Pinia, littoral du marais de Cattolica","42.02042","9.47258","2021-05-22","",NA,"INPN",NA,NA,NA,NA,NA,"Coleoptera","Oedemeridae","Stenostoma","Stenostoma rostratum","(Fabricius, 1787)"
"76","m1","FR","Corsica ","Haute Corse Linguezzetta Casamozza","42.51","9.53","1975-05-27","Mühle",NA,"NMPC",NA,NA,NA,NA,NA,"Coleoptera","Oedemeridae","Stenostoma","Stenostoma rostratum","(Fabricius, 1787)"
"77","m1","FR","Corsica ","Haute Corse Linguizzetta ","42.1978","9.55618","2000-06-25","",NA,"INPN",NA,NA,NA,NA,NA,"Coleoptera","Oedemeridae","Stenostoma","Stenostoma rostratum","(Fabricius, 1787)"
"78","m1","FR","Corsica ","Haute Corse Linguizzetta ","42.21776","9.50997","1988-07-01","",NA,"INPN",NA,NA,NA,NA,NA,"Coleoptera","Oedemeridae","Stenostoma","Stenostoma rostratum","(Fabricius, 1787)"
"79","m1","FR","Corsica ","Haute Corse Moriani Plage ","42.37","9.53","1994-06-20/1994-06-22","",NA,"MZUR",NA,NA,NA,NA,NA,"Coleoptera","Oedemeridae","Stenostoma","Stenostoma rostratum","(Fabricius, 1787)"
"80","m1","FR","Corsica ","Haute Corse Palasca ","42.66055507","9.061550102","2021-06-18","",NA,"inaturalist",NA,NA,NA,NA,NA,"Coleoptera","Oedemeridae","Stenostoma","Stenostoma rostratum","(Fabricius, 1787)"
"81","m1","FR","Corsica ","Haute Corse Palasca Foce F. Ostriconi","42.66","9.06","1982-08-01/1982-08-15","E. Colonnelli",NA,"MAB",NA,NA,NA,NA,NA,"Coleoptera","Oedemeridae","Stenostoma","Stenostoma rostratum","(Fabricius, 1787)"
"82","m1","FR","Corsica ","Haute Corse Palasca plage de l'Ostriconi","42.66084","9.06072","2020-06-14","",NA,"INPN",NA,NA,NA,NA,NA,"Coleoptera","Oedemeridae","Stenostoma","Stenostoma rostratum","(Fabricius, 1787)"
"83","m1","FR","Corsica ","Haute Corse San Giuliano loc. Pistonaccio","42.28","9.55","2018-06-01","A. Marata",NA,"coll. Poloni",NA,NA,NA,NA,NA,"Coleoptera","Oedemeridae","Stenostoma","Stenostoma rostratum","(Fabricius, 1787)"
"84","m1","FR","Corsica ","Haute Corse San-Giuliano ","42.25984","9.55573","2008-06-12","",NA,"INPN",NA,NA,NA,NA,NA,"Coleoptera","Oedemeridae","Stenostoma","Stenostoma rostratum","(Fabricius, 1787)"
"85","m1","FR","Corsica ","Haute Corse Santa Lucia de Moriani ","42.37","9.53","1994-06-20/1994-06-22","V. Novák",NA,"NMPC",NA,NA,NA,NA,NA,"Coleoptera","Oedemeridae","Stenostoma","Stenostoma rostratum","(Fabricius, 1787)"
"86","m1","FR","Corsica ","Haute Corse Santo-Pietro-di-Tenda dune, plage de Saleccia","42.72432","9.19967","2020-06-20","",NA,"INPN",NA,NA,NA,NA,NA,"Coleoptera","Oedemeridae","Stenostoma","Stenostoma rostratum","(Fabricius, 1787)"
"87","m1","FR","Corsica ","Haute Corse Ventiseri ","41.92695","9.39278","2021-05-18","",NA,"INPN",NA,NA,NA,NA,NA,"Coleoptera","Oedemeridae","Stenostoma","Stenostoma rostratum","(Fabricius, 1787)"
"88","m1","FR","Corsica ","Haute Corse Ventiseri ","41.93402","9.4151","2021-05-21","",NA,"INPN",NA,NA,NA,NA,NA,"Coleoptera","Oedemeridae","Stenostoma","Stenostoma rostratum","(Fabricius, 1787)"
"89","m1","FR","Corsica ","Haute Corse, Palasca, plage de l'Ostriconi","42.661667","9.060833","2022-06-19","A. Riccieri, V. Filippini, E. Erbani",NA,"MAB",NA,NA,NA,NA,NA,"Coleoptera","Oedemeridae","Stenostoma","Stenostoma rostratum","(Fabricius, 1787)"
"90","m1","FR","Corsica ","Pietrosella, Plage de Mare è Sole","41.8125","8.773056","2022-06-18","A. Riccieri, V. Filippini, E. Erbani",NA,"MAB",NA,NA,NA,NA,NA,"Coleoptera","Oedemeridae","Stenostoma","Stenostoma rostratum","(Fabricius, 1787)"
"91","m1","FR","Corsica ","Propriano, Plage du Robinson","41.6475","8.873611","2022-06-18","A. Riccieri, V. Filippini, E. Erbani",NA,"MAB",NA,NA,NA,NA,NA,"Coleoptera","Oedemeridae","Stenostoma","Stenostoma rostratum","(Fabricius, 1787)"
"92","m1","FR","Corsica ","Venzloasca, Plage de Cap Sud","42.5125","9.531944","2022-06-19","A. Riccieri, V. Filippini, E. Erbani",NA,"MAB",NA,NA,NA,NA,NA,"Coleoptera","Oedemeridae","Stenostoma","Stenostoma rostratum","(Fabricius, 1787)"
"93","m1","FR","Nouvelle-Aquitaine ","Charente M. Royan ","45.62","-1.05","","",NA,"Magistretti (1942)",NA,NA,NA,NA,NA,"Coleoptera","Oedemeridae","Stenostoma","Stenostoma rostratum","(Fabricius, 1787)"
"94","m1","FR","Nouvelle-Aquitaine ","Charente M. Saint-Georges-d'Oléron ","45.97605","-1.32386","2004-06-11","",NA,"INPN",NA,NA,NA,NA,NA,"Coleoptera","Oedemeridae","Stenostoma","Stenostoma rostratum","(Fabricius, 1787)"
"95","m1","FR","Nouvelle-Aquitaine ","Charente M. Saint-Trojan-les-Bains ","45.83277","-1.22543","2018-06-28","",NA,"INPN",NA,NA,NA,NA,NA,"Coleoptera","Oedemeridae","Stenostoma","Stenostoma rostratum","(Fabricius, 1787)"
"96","m1","FR","Nouvelle-Aquitaine ","Gironde Cap Ferret, Gironde ","44.79","-1.23","1959-06-26","P. Ardö",NA,"Vazquez database",NA,NA,NA,NA,NA,"Coleoptera","Oedemeridae","Stenostoma","Stenostoma rostratum","(Fabricius, 1787)"
"97","m1","FR","Nouvelle-Aquitaine ","Landes Moliets-et-Maa ","43.85863","-1.36103","2007-06-15","",NA,"INPN",NA,NA,NA,NA,NA,"Coleoptera","Oedemeridae","Stenostoma","Stenostoma rostratum","(Fabricius, 1787)"
"98","m1","FR","Nouvelle-Aquitaine ","Landes Plage de Messanges ","43.214","-1.405","2011-07-24","",NA,"inaturalist",NA,NA,NA,NA,NA,"Coleoptera","Oedemeridae","Stenostoma","Stenostoma rostratum","(Fabricius, 1787)"
"99","m1","FR","Nouvelle-Aquitaine ","Landes Seignosse ","43.71232","-1.43425","1994-07-05","",NA,"INPN",NA,NA,NA,NA,NA,"Coleoptera","Oedemeridae","Stenostoma","Stenostoma rostratum","(Fabricius, 1787)"
"100","m1","FR","Occitanie ","Aude Leucate ","42.89955","3.02594","2019-07-20","",NA,"INPN",NA,NA,NA,NA,NA,"Coleoptera","Oedemeridae","Stenostoma","Stenostoma rostratum","(Fabricius, 1787)"
"101","m1","FR","Occitanie ","Hérault Beziers ","43.25","3.31","","",NA,"NMPC",NA,NA,NA,NA,NA,"Coleoptera","Oedemeridae","Stenostoma","Stenostoma rostratum","(Fabricius, 1787)"
"102","m1","FR","Occitanie ","Perpignan Canet-en-Roussillon ","42.6839","3.01091","1958-08-01","",NA,"INPN",NA,NA,NA,NA,NA,"Coleoptera","Oedemeridae","Stenostoma","Stenostoma rostratum","(Fabricius, 1787)"
"103","m1","FR","Provence-Alpes-Côte d'Azur ","Alpes Maritimes Golfe-Juan ","43.56","7.08","","",NA,"Caillol (1919)",NA,NA,NA,NA,NA,"Coleoptera","Oedemeridae","Stenostoma","Stenostoma rostratum","(Fabricius, 1787)"
"104","m1","FR","Provence-Alpes-Côte d'Azur ","Bouche du Rhone Camargue, les Saintes-Maries-de-la Mer, ","43.5","4.46","","",NA,"Caillol, (1919)",NA,NA,NA,NA,NA,"Coleoptera","Oedemeridae","Stenostoma","Stenostoma rostratum","(Fabricius, 1787)"
"105","m1","FR","Provence-Alpes-Côte d'Azur ","Bouche du Rhone Saintes-Maries-de-la-Mer ","43.5042","4.46441","1997-06-13","",NA,"INPN",NA,NA,NA,NA,NA,"Coleoptera","Oedemeridae","Stenostoma","Stenostoma rostratum","(Fabricius, 1787)"
"106","m1","FR","Provence-Alpes-Côte d'Azur ","Bouche du Rhone Saintes-Maries-de-la-Mer ","43.5042","4.46441","1960-07-02","",NA,"INPN",NA,NA,NA,NA,NA,"Coleoptera","Oedemeridae","Stenostoma","Stenostoma rostratum","(Fabricius, 1787)"
"107","m1","FR","Provence-Alpes-Côte d'Azur ","Var Agay ","43.43","6.86","","",NA,"Caillol (1919)",NA,NA,NA,NA,NA,"Coleoptera","Oedemeridae","Stenostoma","Stenostoma rostratum","(Fabricius, 1787)"
"108","m1","FR","Provence-Alpes-Côte d'Azur ","Var Cavalaire ","43.17","6.53","","",NA,"NMPC",NA,NA,NA,NA,NA,"Coleoptera","Oedemeridae","Stenostoma","Stenostoma rostratum","(Fabricius, 1787)"
"109","m1","FR","Provence-Alpes-Côte d'Azur ","Var Fréjus ","43.47199","6.76368","1960-06-01","",NA,"INPN",NA,NA,NA,NA,NA,"Coleoptera","Oedemeridae","Stenostoma","Stenostoma rostratum","(Fabricius, 1787)"
"110","m1","FR","Provence-Alpes-Côte d'Azur ","Var Fréjus ","43.47199","6.76368","1950-07-23","",NA,"INPN",NA,NA,NA,NA,NA,"Coleoptera","Oedemeridae","Stenostoma","Stenostoma rostratum","(Fabricius, 1787)"
"111","m1","FR","Provence-Alpes-Côte d'Azur ","Var Fréjus ","43.08365","6.11959","1987-06-23","",NA,"INPN",NA,NA,NA,NA,NA,"Coleoptera","Oedemeridae","Stenostoma","Stenostoma rostratum","(Fabricius, 1787)"
"112","m1","FR","Provence-Alpes-Côte d'Azur ","Var Hyères , presqu’ile de Giens ","43.04","6.13","","",NA,"Caillol (1919)",NA,NA,NA,NA,NA,"Coleoptera","Oedemeridae","Stenostoma","Stenostoma rostratum","(Fabricius, 1787)"
"113","m1","FR","Provence-Alpes-Côte d'Azur ","Var Le Lavandou ","43.13","6.36","","J. Obenberger",NA,"NMPC",NA,NA,NA,NA,NA,"Coleoptera","Oedemeridae","Stenostoma","Stenostoma rostratum","(Fabricius, 1787)"
"114","m1","FR","Provence-Alpes-Côte d'Azur ","Var Saint Raphael ","43.42","6.75","","",NA,"Caillol (1919)",NA,NA,NA,NA,NA,"Coleoptera","Oedemeridae","Stenostoma","Stenostoma rostratum","(Fabricius, 1787)"
"115","m1","GR","Crete ","Crete Iraklion env. Ammoudara ","35.33","25.06","","",NA,"Svhila (2005)",NA,NA,NA,NA,NA,"Coleoptera","Oedemeridae","Stenostoma","Stenostoma rostratum","(Fabricius, 1787)"
"116","m1","GR","Crete ","Kissamos env. ","35.5","23.64","1980-06-03/1980-06-05","Bily, Brodsky ",NA,"NMPC",NA,NA,NA,NA,NA,"Coleoptera","Oedemeridae","Stenostoma","Stenostoma rostratum","(Fabricius, 1787)"
"117","m1","GR","Dodecanese ","Kos  ","36.89","27.29","","",NA,"Kubisz & Iwan (2020)",NA,NA,NA,NA,NA,"Coleoptera","Oedemeridae","Stenostoma","Stenostoma rostratum","(Fabricius, 1787)"
"118","m1","GR","Dodecanese ","Kos Marnari ","36.87","27.14","2001-05-8/2001-05-12","Švec",NA,"NMPC",NA,NA,NA,NA,NA,"Coleoptera","Oedemeridae","Stenostoma","Stenostoma rostratum","(Fabricius, 1787)"
"119","m1","GR","Dodecanese ","Rhodes Psinthos Notio Aigaio","37.27","28.17","1991-07-09","",NA,"GBIF",NA,NA,NA,NA,NA,"Coleoptera","Oedemeridae","Stenostoma","Stenostoma rostratum","(Fabricius, 1787)"
"120","m1","GR","Dodecanese  ","Rhodes Trianda ","36.42","28.15","","",NA,"MVR",NA,NA,NA,NA,NA,"Coleoptera","Oedemeridae","Stenostoma","Stenostoma rostratum","(Fabricius, 1787)"
"121","m1","GR","Ionian islands ","Kerkyra ","39.66","19.75","1979-06-01","S. Tolsgaard",NA,"Vazquez database",NA,NA,NA,NA,NA,"Coleoptera","Oedemeridae","Stenostoma","Stenostoma rostratum","(Fabricius, 1787)"
"122","m1","GR","Ionian islands ","Kerkyra A. Georgios - L. Korission","39.44","19.9","2003-06-19/2003-06-27","K. Schön",NA,"NMPC",NA,NA,NA,NA,NA,"Coleoptera","Oedemeridae","Stenostoma","Stenostoma rostratum","(Fabricius, 1787)"
"123","m1","GR","Ionian islands ","Zakynthos ","37.77","20.89","","",NA,"Whitehead (1997)",NA,NA,NA,NA,NA,"Coleoptera","Oedemeridae","Stenostoma","Stenostoma rostratum","(Fabricius, 1787)"
"124","m1","GR","Kyklades ","Naxos Naxos ","37.03","25.58","","",NA,"Oertzen (1886)",NA,NA,NA,NA,NA,"Coleoptera","Oedemeridae","Stenostoma","Stenostoma rostratum","(Fabricius, 1787)"
"125","m1","GR","Kyklades ","Naxos Naxos ","37.03","25.58","","",NA,"Horion (1956)",NA,NA,NA,NA,NA,"Coleoptera","Oedemeridae","Stenostoma","Stenostoma rostratum","(Fabricius, 1787)"
"126","m1","GR","Peloponnese ","Achaia Kalogria ","38.13","21.37","1993-05-14","P. Jelinek",NA,"NMPC",NA,NA,NA,NA,NA,"Coleoptera","Oedemeridae","Stenostoma","Stenostoma rostratum","(Fabricius, 1787)"
"127","m1","GR","Peloponnese ","Achaia Killini beach.Termalbad ","37.87","21.1","1986-06-02","Probst",NA,"NMPC",NA,NA,NA,NA,NA,"Coleoptera","Oedemeridae","Stenostoma","Stenostoma rostratum","(Fabricius, 1787)"
"128","m1","GR","Peloponnese ","Ilia Pyrgos, Kaïafa, Dytiki ","37.51","21.59","1962-05-19","J. L. Nicolas",NA,"Vazquez database",NA,NA,NA,NA,NA,"Coleoptera","Oedemeridae","Stenostoma","Stenostoma rostratum","(Fabricius, 1787)"
"129","m1","IL"," ","Bat Yam ","32","34.73","1919-04-20","Bitinsky-Salz",NA,"NMPC",NA,NA,NA,NA,NA,"Coleoptera","Oedemeridae","Stenostoma","Stenostoma rostratum","(Fabricius, 1787)"
"130","m1","IL"," ","Tel Aviv ","32.11","34.78","","",NA,"MVR",NA,NA,NA,NA,NA,"Coleoptera","Oedemeridae","Stenostoma","Stenostoma rostratum","(Fabricius, 1787)"
"131","m1","IT","Puglia ","Foggia Gargano Torre Spinale","41.93","16.08","","",NA,"Angelini (1987)",NA,NA,NA,NA,NA,"Coleoptera","Oedemeridae","Stenostoma","Stenostoma rostratum","(Fabricius, 1787)"
"132","m1","IT","Puglia ","Foggia Isola Varano ","41.91","15.69","2014-04-01","",NA,"NMPC",NA,NA,NA,NA,NA,"Coleoptera","Oedemeridae","Stenostoma","Stenostoma rostratum","(Fabricius, 1787)"
"133","m1","IT","Puglia ","Foggia, Rodi Garganico, lido Chalet sul Mare","41.921667","15.8325","2022-06-28","V. Filippini D. Lucente",NA,"MAB",NA,NA,NA,NA,NA,"Coleoptera","Oedemeridae","Stenostoma","Stenostoma rostratum","(Fabricius, 1787)"
"134","m1","IT","Puglia ","Lecce Casalabate ","40.49","18.11","","",NA,"Coll. Angelini",NA,NA,NA,NA,NA,"Coleoptera","Oedemeridae","Stenostoma","Stenostoma rostratum","(Fabricius, 1787)"
"135","m1","IT","Puglia ","Lecce Gallipoli ","40.06","17.99","","",NA,"Magistretti (1962a)",NA,NA,NA,NA,NA,"Coleoptera","Oedemeridae","Stenostoma","Stenostoma rostratum","(Fabricius, 1787)"
"136","m1","IT","Puglia ","Taranto Chiatona ","40.51","17.06","","",NA,"MZUCT",NA,NA,NA,NA,NA,"Coleoptera","Oedemeridae","Stenostoma","Stenostoma rostratum","(Fabricius, 1787)"
"137","m1","IT","Puglia ","Taranto S. Pietro Bevagna ","40.3","17.68","","",NA,"Coll. Angelini",NA,NA,NA,NA,NA,"Coleoptera","Oedemeridae","Stenostoma","Stenostoma rostratum","(Fabricius, 1787)"
"138","m1","IT","Puglia ","Taranto, Massafra, Chiatona","40.470556","16.948889","2022-07-03","V. Filippini D. Lucente",NA,"MAB",NA,NA,NA,NA,NA,"Coleoptera","Oedemeridae","Stenostoma","Stenostoma rostratum","(Fabricius, 1787)"
"139","m1","IT","Basilicata ","Matera Policoro ","40.18","16.71","","",NA,"Coll. Angelini",NA,NA,NA,NA,NA,"Coleoptera","Oedemeridae","Stenostoma","Stenostoma rostratum","(Fabricius, 1787)"
"140","m1","IT","Basilicata ","Matera Policoro Casco Pantano Res. 5 Km","40.16","16.69","2006-06-17","P. Kresl",NA,"NMPC",NA,NA,NA,NA,NA,"Coleoptera","Oedemeridae","Stenostoma","Stenostoma rostratum","(Fabricius, 1787)"
"141","m1","IT","Basilicata ","Matera Sinni River (mouth probably) ","40.15","16.68","","",NA,"Magistretti (1962a)",NA,NA,NA,NA,NA,"Coleoptera","Oedemeridae","Stenostoma","Stenostoma rostratum","(Fabricius, 1787)"
"142","m1","IT","Calabria ","Catanzaro Nicotera marina duna ","38.53","15.93","1989-06-13","P. Audisio",NA,"MAB",NA,NA,NA,NA,NA,"Coleoptera","Oedemeridae","Stenostoma","Stenostoma rostratum","(Fabricius, 1787)"
"143","m1","IT","Calabria ","Cosenza Foce F. Crati ","39.7","16.52","","",NA,"Magistretti (1962a)",NA,NA,NA,NA,NA,"Coleoptera","Oedemeridae","Stenostoma","Stenostoma rostratum","(Fabricius, 1787)"
"144","m1","IT","Calabria ","Cosenza Verbicaro-Lao ","39.77","15.79","","B. Palm",NA,"Vazquez database",NA,NA,NA,NA,NA,"Coleoptera","Oedemeridae","Stenostoma","Stenostoma rostratum","(Fabricius, 1787)"
"145","m1","IT","Calabria ","Reggio Calabria Brancaleone litorale","37.96","16.1","","",NA,"Petagna (1787)",NA,NA,NA,NA,NA,"Coleoptera","Oedemeridae","Stenostoma","Stenostoma rostratum","(Fabricius, 1787)"
"146","m1","IT","Campania ","Caserta Foce F. Garigliano ","41.22","13.76","","",NA,"Magistretti (1967)",NA,NA,NA,NA,NA,"Coleoptera","Oedemeridae","Stenostoma","Stenostoma rostratum","(Fabricius, 1787)"
"147","m1","IT","Campania ","Caserta Foce F. Volturno ","41.02","13.92","","",NA,"Magistretti (1967)",NA,NA,NA,NA,NA,"Coleoptera","Oedemeridae","Stenostoma","Stenostoma rostratum","(Fabricius, 1787)"
"148","m1","IT","Campania ","Caserta L. del Fusaro ","40.82","14.04","","",NA,"Magistretti (1967)",NA,NA,NA,NA,NA,"Coleoptera","Oedemeridae","Stenostoma","Stenostoma rostratum","(Fabricius, 1787)"
"149","m1","IT","Campania ","Caserta L. di Patria ","40.93","14.01","","",NA,"Magistretti (1967)",NA,NA,NA,NA,NA,"Coleoptera","Oedemeridae","Stenostoma","Stenostoma rostratum","(Fabricius, 1787)"
"150","m1","IT","Campania ","Caserta, Castel Volturno","40.923056","14.019444","2022-07-01","V. Filippini D. Lucente",NA,"MAB",NA,NA,NA,NA,NA,"Coleoptera","Oedemeridae","Stenostoma","Stenostoma rostratum","(Fabricius, 1787)"
"151","m1","IT","Campania ","Caserta, Lido Bikini","41.014167","13.935556","2022-07-01","V. Filippini D. Lucente",NA,"MAB",NA,NA,NA,NA,NA,"Coleoptera","Oedemeridae","Stenostoma","Stenostoma rostratum","(Fabricius, 1787)"
"152","m1","IT","Campania ","Salerno Battipaglia Spineta Nuova","40.57","14.88","","",NA,"MAB",NA,NA,NA,NA,NA,"Coleoptera","Oedemeridae","Stenostoma","Stenostoma rostratum","(Fabricius, 1787)"
"153","m1","IT","Campania ","Salerno foci del fiume Mingardo ","40.03","15.31","1991-07-24","P. Audisio",NA,"MAB",NA,NA,NA,NA,NA,"Coleoptera","Oedemeridae","Stenostoma","Stenostoma rostratum","(Fabricius, 1787)"
"154","m1","IT","Lazio ","Latina Circeo Caprolace dunes","41.34","12.96","1977-07-16","M. Bologna",NA,"MAB",NA,NA,NA,NA,NA,"Coleoptera","Oedemeridae","Stenostoma","Stenostoma rostratum","(Fabricius, 1787)"
"155","m1","IT","Lazio ","Latina Circeo Caprolace dunes","41.34","12.96","1977-07-16","M. Bologna",NA,"MZUR",NA,NA,NA,NA,NA,"Coleoptera","Oedemeridae","Stenostoma","Stenostoma rostratum","(Fabricius, 1787)"
"156","m1","IT","Lazio ","Latina Circeo Torre Paola dune","41.24","13.03","1977-05-27","M. Bologna",NA,"MAB",NA,NA,NA,NA,NA,"Coleoptera","Oedemeridae","Stenostoma","Stenostoma rostratum","(Fabricius, 1787)"
"157","m1","IT","Lazio ","Latina Gaeta ","41.21","13.56","","",NA,"Magistretti (1967)",NA,NA,NA,NA,NA,"Coleoptera","Oedemeridae","Stenostoma","Stenostoma rostratum","(Fabricius, 1787)"
"158","m1","IT","Lazio ","Latina Lago Coprolace ","41.34","12.96","1978-06-08","G. Carpaneto",NA,"MAB",NA,NA,NA,NA,NA,"Coleoptera","Oedemeridae","Stenostoma","Stenostoma rostratum","(Fabricius, 1787)"
"159","m1","IT","Lazio ","Latina Lago Lungo ","41.27","13.39","","",NA,"MZUCT",NA,NA,NA,NA,NA,"Coleoptera","Oedemeridae","Stenostoma","Stenostoma rostratum","(Fabricius, 1787)"
"160","m1","IT","Lazio ","Latina Minturno ","41.24","13.73","","",NA,"Magistretti (1967)",NA,NA,NA,NA,NA,"Coleoptera","Oedemeridae","Stenostoma","Stenostoma rostratum","(Fabricius, 1787)"
"161","m1","IT","Lazio ","Latina Sabaudia ","41.29","13.01","2021-06-01","E. Capogna",NA,"MAB",NA,NA,NA,NA,NA,"Coleoptera","Oedemeridae","Stenostoma","Stenostoma rostratum","(Fabricius, 1787)"
"162","m1","IT","Lazio ","Latina Sabaudia ","41.29","13.01","","",NA,"MAB",NA,NA,NA,NA,NA,"Coleoptera","Oedemeridae","Stenostoma","Stenostoma rostratum","(Fabricius, 1787)"
"163","m1","IT","Lazio ","Latina Sabaudia Sacremento","41.33","12.98","2003-05-18","S. Carloni",NA,"MAB",NA,NA,NA,NA,NA,"Coleoptera","Oedemeridae","Stenostoma","Stenostoma rostratum","(Fabricius, 1787)"
"164","m1","IT","Lazio ","Latina Sacremento Duna Lago di Coprolace","41.34","12.96","2002-06-08","S. Carloni",NA,"MAB",NA,NA,NA,NA,NA,"Coleoptera","Oedemeridae","Stenostoma","Stenostoma rostratum","(Fabricius, 1787)"
"165","m1","IT","Lazio ","Latina Sperlonga ","41.26","13.41","","",NA,"Magistretti (1967)",NA,NA,NA,NA,NA,"Coleoptera","Oedemeridae","Stenostoma","Stenostoma rostratum","(Fabricius, 1787)"
"166","m1","IT","Lazio ","Roma Castel Porziano Duna ""0 Bis""","41.69","12.35","1997-05-23","F. De Salvo, M. Bologna",NA,"MAB",NA,NA,NA,NA,NA,"Coleoptera","Oedemeridae","Stenostoma","Stenostoma rostratum","(Fabricius, 1787)"
"167","m1","IT","Lazio ","Roma Castel Porziano Duna ""1""","41.69","12.35","1997-05-23","F. De Salvo, M. Bologna",NA,"MAB",NA,NA,NA,NA,NA,"Coleoptera","Oedemeridae","Stenostoma","Stenostoma rostratum","(Fabricius, 1787)"
"168","m1","IT","Lazio ","Roma Castel Porziano Duna ""2C""","41.69","12.35","1997-05-23","F. De Salvo, M. Bologna",NA,"MAB",NA,NA,NA,NA,NA,"Coleoptera","Oedemeridae","Stenostoma","Stenostoma rostratum","(Fabricius, 1787)"
"169","m1","IT","Lazio ","Roma Fiumicino ","41.78","12.22","","",NA,"MZUR",NA,NA,NA,NA,NA,"Coleoptera","Oedemeridae","Stenostoma","Stenostoma rostratum","(Fabricius, 1787)"
"170","m1","IT","Lazio ","Roma Focene ","41.8","12.21","","",NA,"Bologna (1981)",NA,NA,NA,NA,NA,"Coleoptera","Oedemeridae","Stenostoma","Stenostoma rostratum","(Fabricius, 1787)"
"171","m1","IT","Lazio ","Roma Fregene ","41.85","12.18","","",NA,"Binaghi (1964)",NA,NA,NA,NA,NA,"Coleoptera","Oedemeridae","Stenostoma","Stenostoma rostratum","(Fabricius, 1787)"
"172","m1","IT","Lazio ","Roma Ladispoli Torre Flavia, dune","41.96","12.04","2021-06-19/2021-07-01","E. Silvia, De Michelis",NA,"MAB",NA,NA,NA,NA,NA,"Coleoptera","Oedemeridae","Stenostoma","Stenostoma rostratum","(Fabricius, 1787)"
"173","m1","IT","Lazio ","Roma Maccarese ","41.87","12.18","","",NA,"MZUR",NA,NA,NA,NA,NA,"Coleoptera","Oedemeridae","Stenostoma","Stenostoma rostratum","(Fabricius, 1787)"
"174","m1","IT","Lazio ","Roma Torvaianica Sabbie d'Oro","41.57","12.5","1969-07-07","Colonnelli",NA,"MAB",NA,NA,NA,NA,NA,"Coleoptera","Oedemeridae","Stenostoma","Stenostoma rostratum","(Fabricius, 1787)"
"175","m1","IT","Lazio ","Montalto di Castro ","42.33","11.57","2021-06-22","E. Capogna",NA,"MAB",NA,NA,NA,NA,NA,"Coleoptera","Oedemeridae","Stenostoma","Stenostoma rostratum","(Fabricius, 1787)"
"176","m1","IT","Lazio ","Viterbo Tarquinia Spiaggia","42.21","11.7","","",NA,"MZUR",NA,NA,NA,NA,NA,"Coleoptera","Oedemeridae","Stenostoma","Stenostoma rostratum","(Fabricius, 1787)"
"177","m1","IT","Sardegna ","Porto Ferro Beach","40.68","8.2","2021-06-22/2021-06-25","M. A. Bologna, A. Riccieri",NA,"MAB",NA,NA,NA,NA,NA,"Coleoptera","Oedemeridae","Stenostoma","Stenostoma rostratum","(Fabricius, 1787)"
"178","m1","IT","Sardegna ","Nuoro Bosa ","40.28","8.48","","",NA,"Magistretti (1967), Giffi (1991), Montalto & Bologna (2011)",NA,NA,NA,NA,NA,"Coleoptera","Oedemeridae","Stenostoma","Stenostoma rostratum","(Fabricius, 1787)"
"179","m1","IT","Sardegna ","Nuoro Capo Comino  ","40.54","9.79","2004-06-27/2004-07-03","Cornacchia-Scaglioni",NA,"MAB",NA,NA,NA,NA,NA,"Coleoptera","Oedemeridae","Stenostoma","Stenostoma rostratum","(Fabricius, 1787)"
"180","m1","IT","Sardegna ","Nuoro Capo Comino Baronia","40.54","9.79","2001-07-01","",NA,"Montalto & Bologna (2011)",NA,NA,NA,NA,NA,"Coleoptera","Oedemeridae","Stenostoma","Stenostoma rostratum","(Fabricius, 1787)"
"181","m1","IT","Sardegna ","Nuoro, La Caletta, Spiaggia S'Arenarju","40.600278","9.751389","2022-06-17","A. Riccieri, V. Filippini, E. Erbani",NA,"MAB",NA,NA,NA,NA,NA,"Coleoptera","Oedemeridae","Stenostoma","Stenostoma rostratum","(Fabricius, 1787)"
"182","m1","IT","Sardegna ","Nuoro, Lotzorai, Spiaggia di Isula Manna","39.956389","9.684722","2022-06-16","A. Riccieri, V. Filippini, E. Erbani",NA,"MAB",NA,NA,NA,NA,NA,"Coleoptera","Oedemeridae","Stenostoma","Stenostoma rostratum","(Fabricius, 1787)"
"183","m1","IT","Sardegna ","Nuoro, Siniscola, Spiaggia di Capo Comino","40.541944","9.798056","2022-06-17","A. Riccieri, V. Filippini, E. Erbani",NA,"MAB",NA,NA,NA,NA,NA,"Coleoptera","Oedemeridae","Stenostoma","Stenostoma rostratum","(Fabricius, 1787)"
"184","m1","IT","Sardegna ","Olbia Tempio Pausania Golfo Aranci ","40.99","9.62","","",NA,"Magistretti (1942, 1967), Giffi (1991), Bologna & Montalto (2011)",NA,NA,NA,NA,NA,"Coleoptera","Oedemeridae","Stenostoma","Stenostoma rostratum","(Fabricius, 1787)"
"185","m1","IT","Sardegna ","Narbolia, Is Arenas, camping Nurapolis","40.06","8.46","2021-06-24","M. A. Bologna, A. Riccieri",NA,"MAB",NA,NA,NA,NA,NA,"Coleoptera","Oedemeridae","Stenostoma","Stenostoma rostratum","(Fabricius, 1787)"
"186","m1","IT","Sardegna ","Oristano Pistis ","39.68946167","8.451855","2009-06-03","",NA,"inaturalist",NA,NA,NA,NA,NA,"Coleoptera","Oedemeridae","Stenostoma","Stenostoma rostratum","(Fabricius, 1787)"
"187","m1","IT","Sardegna ","Sassari  S. Teresa ","41.23","9.18","1968-06","Palm",NA,"Vazquez database",NA,NA,NA,NA,NA,"Coleoptera","Oedemeridae","Stenostoma","Stenostoma rostratum","(Fabricius, 1787)"
"188","m1","IT","Sardegna ","Sassari Alghero  La Nurra, Porto Ferro","40.68","8.2","1999-07-04","",NA,"Montalto & Bologna, 2011",NA,NA,NA,NA,NA,"Coleoptera","Oedemeridae","Stenostoma","Stenostoma rostratum","(Fabricius, 1787)"
"189","m1","IT","Sardegna ","Sassari Isola Rossa Porto Torres","40.97514696","8.855401576","2020-06-06","",NA,"inaturalist",NA,NA,NA,NA,NA,"Coleoptera","Oedemeridae","Stenostoma","Stenostoma rostratum","(Fabricius, 1787)"
"190","m1","IT","Sardegna ","Sassari Platamona ","40.81","8.47","2004-07-03","",NA,"MVR",NA,NA,NA,NA,NA,"Coleoptera","Oedemeridae","Stenostoma","Stenostoma rostratum","(Fabricius, 1787)"
"191","m1","IT","Sardegna ","Sassari Porto Torres Marina di Sorso","40.82","8.54","2021-08-05","N. Patelli",NA,"MAB",NA,NA,NA,NA,NA,"Coleoptera","Oedemeridae","Stenostoma","Stenostoma rostratum","(Fabricius, 1787)"
"192","m1","IT","Sardegna ","Sassari Porto Torres Marina di Sorso","40.82","8.54","2021-08-05","N. Patelli",NA,"coll. Poloni",NA,NA,NA,NA,NA,"Coleoptera","Oedemeridae","Stenostoma","Stenostoma rostratum","(Fabricius, 1787)"
"193","m1","IT","Sardegna ","Sassari Santa Teresa di Gallura ","41.24","9.18","2012-06-23","",NA,"FNM",NA,NA,NA,NA,NA,"Coleoptera","Oedemeridae","Stenostoma","Stenostoma rostratum","(Fabricius, 1787)"
"194","m1","IT","Sardegna ","Sassari Sorso ","40.82","8.54","","",NA,"Magistretti (1967)",NA,NA,NA,NA,NA,"Coleoptera","Oedemeridae","Stenostoma","Stenostoma rostratum","(Fabricius, 1787)"
"195","m1","IT","Sardegna ","Sud Sardegna Arbus dune di Scivu","39.49","8.41","2013-06-16","",NA,"FEI",NA,NA,NA,NA,NA,"Coleoptera","Oedemeridae","Stenostoma","Stenostoma rostratum","(Fabricius, 1787)"
"196","m1","IT","Sardegna ","Sud Sardegna Arbus Marina di Arbus","39.6","8.47","2006-07-14","",NA,"Montalto & Bologna (2011)",NA,NA,NA,NA,NA,"Coleoptera","Oedemeridae","Stenostoma","Stenostoma rostratum","(Fabricius, 1787)"
"197","m1","IT","Sardegna ","Sud Sardegna Arbus Piscinas","39.54","8.44","2004-06-10","",NA,"Montalto & Bologna (2011)",NA,NA,NA,NA,NA,"Coleoptera","Oedemeridae","Stenostoma","Stenostoma rostratum","(Fabricius, 1787)"
"198","m1","IT","Sardegna ","Sud Sardegna Arbus Piscinas","39.54","8.44","2006-05-25","",NA,"Montalto & Bologna (2011)",NA,NA,NA,NA,NA,"Coleoptera","Oedemeridae","Stenostoma","Stenostoma rostratum","(Fabricius, 1787)"
"199","m1","IT","Sardegna ","Sud Sardegna Buggerru foce Rio Mannu, dune","39.43","8.41","2004-06-14","G. Nardi, D. Birtele, P. Cerretti, M. Tisato, D. Whitmore, ",NA,"MAB",NA,NA,NA,NA,NA,"Coleoptera","Oedemeridae","Stenostoma","Stenostoma rostratum","(Fabricius, 1787)"
"200","m1","IT","Sardegna ","Sud Sardegna Is. di San Pietro ","39.14","8.27","1985-06-18","",NA,"MVR",NA,NA,NA,NA,NA,"Coleoptera","Oedemeridae","Stenostoma","Stenostoma rostratum","(Fabricius, 1787)"
"201","m1","IT","Sardegna ","Sud Sardegna Isola di S. Antioco Calasetta","39.08","8.35","2017-05-27","R. Rattu",NA,"coll. Poloni",NA,NA,NA,NA,NA,"Coleoptera","Oedemeridae","Stenostoma","Stenostoma rostratum","(Fabricius, 1787)"
"202","m1","IT","Sardegna ","Sud Sardinia, Arbus, Spiaggia di Piscinas","39.540833","8.449167","2022-06-16","A. Riccieri, V. Filippini, E. Erbani",NA,"MAB",NA,NA,NA,NA,NA,"Coleoptera","Oedemeridae","Stenostoma","Stenostoma rostratum","(Fabricius, 1787)"
"203","m1","IT","Sardegna ","Sud Sardinia, Buggerru, Spiaggia di Portixeddu","39.441111","8.411389","2022-06-15","A. Riccieri, V. Filippini, E. Erbani",NA,"MAB",NA,NA,NA,NA,NA,"Coleoptera","Oedemeridae","Stenostoma","Stenostoma rostratum","(Fabricius, 1787)"
"204","m1","IT","Sardegna ","Sud Sardinia, Teulada, Spiaggia di Porto Pino","39.441111","8.616944","2022-06-15","A. Riccieri, V. Filippini, E. Erbani",NA,"MAB",NA,NA,NA,NA,NA,"Coleoptera","Oedemeridae","Stenostoma","Stenostoma rostratum","(Fabricius, 1787)"
"205","m1","IT","Sardegna ","Sud Sardinia, Villaputzu, Spiaggia Foxi de sa Carina","39.424444","9.625278","2022-06-16","A. Riccieri, V. Filippini, E. Erbani",NA,"MAB",NA,NA,NA,NA,NA,"Coleoptera","Oedemeridae","Stenostoma","Stenostoma rostratum","(Fabricius, 1787)"
"206","m1","IT","Sicilia ","Caltanissetta, Sikania Resort, a N di Marina di Butera","37.1","14.09","2022-06-27","M. Bologna",NA,"MAB",NA,NA,NA,NA,NA,"Coleoptera","Oedemeridae","Stenostoma","Stenostoma rostratum","(Fabricius, 1787)"
"207","m1","IT","Sicilia ","Messina Bauso ","38.24","15.42","","",NA,"Vitale (1906)",NA,NA,NA,NA,NA,"Coleoptera","Oedemeridae","Stenostoma","Stenostoma rostratum","(Fabricius, 1787)"
"208","m1","IT","Sicilia ","Messina Foce Corsari ","38.29","15.55","","",NA,"MVR",NA,NA,NA,NA,NA,"Coleoptera","Oedemeridae","Stenostoma","Stenostoma rostratum","(Fabricius, 1787)"
"209","m1","IT","Sicilia ","Messina Ganzirri ","38.25","15.6","","",NA,"Vitale (1904)",NA,NA,NA,NA,NA,"Coleoptera","Oedemeridae","Stenostoma","Stenostoma rostratum","(Fabricius, 1787)"
"210","m1","IT","Sicilia ","Messina Rodia ","38.27","15.47","","",NA,"Vitale (1906)",NA,NA,NA,NA,NA,"Coleoptera","Oedemeridae","Stenostoma","Stenostoma rostratum","(Fabricius, 1787)"
"211","m1","IT","Sicilia ","Messina Tarantonio ","38.25","15.46","","",NA,"Vitale (1906)",NA,NA,NA,NA,NA,"Coleoptera","Oedemeridae","Stenostoma","Stenostoma rostratum","(Fabricius, 1787)"
"212","m1","IT","Sicilia ","Messina Torre del faro ","38.26","15.65","","",NA,"Vitale (1904, 1906)",NA,NA,NA,NA,NA,"Coleoptera","Oedemeridae","Stenostoma","Stenostoma rostratum","(Fabricius, 1787)"
"213","m1","IT","Sicilia ","Messina Villafranca ","38.24","15.42","","",NA,"MZUR",NA,NA,NA,NA,NA,"Coleoptera","Oedemeridae","Stenostoma","Stenostoma rostratum","(Fabricius, 1787)"
"214","m1","IT","Sicilia ","Palemo Isola delle femmine ","38.2","13.24","","",NA,"Arnone & Vazquez (1998)",NA,NA,NA,NA,NA,"Coleoptera","Oedemeridae","Stenostoma","Stenostoma rostratum","(Fabricius, 1787)"
"215","m1","IT","Sicilia ","Palermo Palermo (Scopello) ","38.07","12.81","","R. Alliata",NA,"Vazquez database",NA,NA,NA,NA,NA,"Coleoptera","Oedemeridae","Stenostoma","Stenostoma rostratum","(Fabricius, 1787)"
"216","m1","IT","Sicilia ","Punta Braccetto","36.83","14.45","2021-06-12","M. A. Bologna, C. Marangoni",NA,"MAB",NA,NA,NA,NA,NA,"Coleoptera","Oedemeridae","Stenostoma","Stenostoma rostratum","(Fabricius, 1787)"
"217","m1","IT","Sicilia ","Ragusa, Ippar, Scoglitti, Dune. ","36.87","14.43","2022-06-27","M. Bologna",NA,"MAB",NA,NA,NA,NA,NA,"Coleoptera","Oedemeridae","Stenostoma","Stenostoma rostratum","(Fabricius, 1787)"
"218","m1","IT","Sicilia ","Ragusa, Marina di Acate, Dune. ","36.97","14.36","2022-06-27","M. Bologna",NA,"MAB",NA,NA,NA,NA,NA,"Coleoptera","Oedemeridae","Stenostoma","Stenostoma rostratum","(Fabricius, 1787)"
"219","m1","IT","Sicilia ","Ragusa, Pozzallo, Grottelle, Dune ","36.73","14.87","2022-06-28/2022-06-30","M. Bologna",NA,"MAB",NA,NA,NA,NA,NA,"Coleoptera","Oedemeridae","Stenostoma","Stenostoma rostratum","(Fabricius, 1787)"
"220","m1","IT","Sicilia ","Siracusa Capo Passero Porto Palo","36.67","15.13","1992-06-04","M. Bologna",NA,"MAB",NA,NA,NA,NA,NA,"Coleoptera","Oedemeridae","Stenostoma","Stenostoma rostratum","(Fabricius, 1787)"
"221","m1","IT","Sicilia ","Trapani Castellammare ","38.03","12.87","","",NA,"Arnone & Vazquez (1998)",NA,NA,NA,NA,NA,"Coleoptera","Oedemeridae","Stenostoma","Stenostoma rostratum","(Fabricius, 1787)"
"222","m1","IT","Sicilia ","Trapani Foce del Belice ","37.58","12.86","2013-05-28","",NA,"FEI",NA,NA,NA,NA,NA,"Coleoptera","Oedemeridae","Stenostoma","Stenostoma rostratum","(Fabricius, 1787)"
"223","m1","IT","Sicilia ","Trapani Marinella di Selinunte Foce del Modione","37.58","12.82","1919-06-12","M. Pavesi",NA,"coll. Poloni",NA,NA,NA,NA,NA,"Coleoptera","Oedemeridae","Stenostoma","Stenostoma rostratum","(Fabricius, 1787)"
"224","m1","IT","Sicilia ","Trapani Scopello ","38.07","12.82","","",NA,"Arnone & Vazquez (1998)",NA,NA,NA,NA,NA,"Coleoptera","Oedemeridae","Stenostoma","Stenostoma rostratum","(Fabricius, 1787)"
"225","m1","IT","Sicilia ","Trapani Selinunte ","37.58","12.82","","",NA,"MZUCT",NA,NA,NA,NA,NA,"Coleoptera","Oedemeridae","Stenostoma","Stenostoma rostratum","(Fabricius, 1787)"
"226","m1","IT","Toscana ","Grosseto Albinia loc. Calametta","42.49","11.19","1974-07-01","Liberto",NA,"MAB",NA,NA,NA,NA,NA,"Coleoptera","Oedemeridae","Stenostoma","Stenostoma rostratum","(Fabricius, 1787)"
"227","m1","IT","Toscana ","Grosseto Ansedonia La Feniglia","42.41","11.24","1976-06-18","",NA,"Bologna (1981)",NA,NA,NA,NA,NA,"Coleoptera","Oedemeridae","Stenostoma","Stenostoma rostratum","(Fabricius, 1787)"
"228","m1","IT","Toscana ","Grosseto M. Uccellina Torre Collelungo ","42.63","11.06","1987-07-10/1987-07-18","",NA,"MVR",NA,NA,NA,NA,NA,"Coleoptera","Oedemeridae","Stenostoma","Stenostoma rostratum","(Fabricius, 1787)"
"229","m1","IT","Toscana ","Grosseto, Capalbio, Spiaggia Oasi WWF Lago di Burano","42.39","11.37","2022-05-27","A. Riccieri, V. Filippini, E. Erbani, L. Spagoni",NA,"MAB",NA,NA,NA,NA,NA,"Coleoptera","Oedemeridae","Stenostoma","Stenostoma rostratum","(Fabricius, 1787)"
"230","m1","IT","Toscana ","Livorno Cecina ","43.3","10.48","","",NA,"Magistretti (1967)",NA,NA,NA,NA,NA,"Coleoptera","Oedemeridae","Stenostoma","Stenostoma rostratum","(Fabricius, 1787)"
"231","m1","IT","Toscana ","Lucca Marina di Pietrasanta ","43.92","10.19","","",NA,"Magistretti (1967)",NA,NA,NA,NA,NA,"Coleoptera","Oedemeridae","Stenostoma","Stenostoma rostratum","(Fabricius, 1787)"
"232","m1","IT","Toscana ","Lucca Viareggio ","43.84","10.24","","",NA,"MCZR",NA,NA,NA,NA,NA,"Coleoptera","Oedemeridae","Stenostoma","Stenostoma rostratum","(Fabricius, 1787)"
"233","m1","IT","Toscana ","Massa Carrara Ronchi ","43.98","10.12","","",NA,"Magistretti (1967)",NA,NA,NA,NA,NA,"Coleoptera","Oedemeridae","Stenostoma","Stenostoma rostratum","(Fabricius, 1787)"
"234","m1","IT","Toscana ","Pisa Tombolo ","43.6","10.28","","",NA,"Magistretti (1967)",NA,NA,NA,NA,NA,"Coleoptera","Oedemeridae","Stenostoma","Stenostoma rostratum","(Fabricius, 1787)"
"235","m1","ME"," ","Ulciny Ulciny ","41.9","19.24","","",NA,"≈†vhila (2005)",NA,NA,NA,NA,NA,"Coleoptera","Oedemeridae","Stenostoma","Stenostoma rostratum","(Fabricius, 1787)"
"236","m1","MA","Casablanca-Saettat ","Casablanca Casablanca ","33.6","-7.61","1926-05-06","Lindberg",NA,"Vazquez database",NA,NA,NA,NA,NA,"Coleoptera","Oedemeridae","Stenostoma","Stenostoma rostratum","(Fabricius, 1787)"
"237","m1","MA","Casablanca-Saettat ","Casablanca Magazan ","33.27","-8.39","","Escalera",NA,"NMPC",NA,NA,NA,NA,NA,"Coleoptera","Oedemeridae","Stenostoma","Stenostoma rostratum","(Fabricius, 1787)"
"238","m1","MA","Casablanca-Saettat ","El  Jadida El Jadida  25-35km N Azzemour","33.44","-8.04","2004-05-11/2004-05-12","G. Sama",NA,"NMPC",NA,NA,NA,NA,NA,"Coleoptera","Oedemeridae","Stenostoma","Stenostoma rostratum","(Fabricius, 1787)"
"239","m1","MA","Casablanca-Saettat ","El  Jadida El Jadida env. ","33.44","-8.04","2007-05-19","V. Novák",NA,"NMPC",NA,NA,NA,NA,NA,"Coleoptera","Oedemeridae","Stenostoma","Stenostoma rostratum","(Fabricius, 1787)"
"240","m1","MA","La√¢youne-Sakia El Hamra ","Tarfaya Cabo Juby ","27.94","-12.92","","",NA,"Martenez de la Escalera (1914)",NA,NA,NA,NA,NA,"Coleoptera","Oedemeridae","Stenostoma","Stenostoma rostratum","(Fabricius, 1787)"
"241","m1","MA","Rabat ","Kénitra  Foret de la Mamora ","34.21","-6.69","2005-05-20/2005-05-21","",NA,"NMPC",NA,NA,NA,NA,NA,"Coleoptera","Oedemeridae","Stenostoma","Stenostoma rostratum","(Fabricius, 1787)"
"242","m1","MA","Rabat ","Kénitra  Foret de la Mamora ","34.88","-6.29","","",NA,"≈†vhila (2005)",NA,NA,NA,NA,NA,"Coleoptera","Oedemeridae","Stenostoma","Stenostoma rostratum","(Fabricius, 1787)"
"243","m1","MA","Rabat ","Kenitra, Plage du Sidi Boughaba","34.215098","-6.694575","2022-05-30","R. Poloni",NA,"coll. Poloni",NA,NA,NA,NA,NA,"Coleoptera","Oedemeridae","Stenostoma","Stenostoma rostratum","(Fabricius, 1787)"
"244","m1","MA","Rabat ","Rabat  Mamora foret","34.21","-6.69","1976-06-01","Z. Taborsky",NA,"NMPC",NA,NA,NA,NA,NA,"Coleoptera","Oedemeridae","Stenostoma","Stenostoma rostratum","(Fabricius, 1787)"
"245","m1","MA","Tanger-Ttetouan-Hal Hoceima ","Larache 40 Km S Larache, 0-20 m","34.85","-6.3","1989-04-23/1989-04-24","Zool. Mus. Copenhagen Exp",NA,"Vazquez database",NA,NA,NA,NA,NA,"Coleoptera","Oedemeridae","Stenostoma","Stenostoma rostratum","(Fabricius, 1787)"
"246","m1","MA","Tanger-Ttetouan-Hal Hoceima ","Larache Larache ","35.2","-6.15","","",NA,"Vazquez database",NA,NA,NA,NA,NA,"Coleoptera","Oedemeridae","Stenostoma","Stenostoma rostratum","(Fabricius, 1787)"
"247","m1","MA","Tanger-Ttetouan-Hal Hoceima ","Tanger Tanger ","35.78","-5.81","2006-06","Escalera",NA,"Vazquez database",NA,NA,NA,NA,NA,"Coleoptera","Oedemeridae","Stenostoma","Stenostoma rostratum","(Fabricius, 1787)"
"248","m1","MA","Tanger-Ttetouan-Hal Hoceima ","Tetouan Ras el Aswad ","35.78","-5.36","","",NA,"Vazquez database",NA,NA,NA,NA,NA,"Coleoptera","Oedemeridae","Stenostoma","Stenostoma rostratum","(Fabricius, 1787)"
"249","m1","PT","Algarve ","Albufeira Albufeira ","37.08","-8.25","1971-06-04","Dahl",NA,"Vazquez database",NA,NA,NA,NA,NA,"Coleoptera","Oedemeridae","Stenostoma","Stenostoma rostratum","(Fabricius, 1787)"
"250","m1","PT","Algarve ","Alvor Lagos ","37.10511746","-8.666618202","2021-06-23","",NA,"inaturalist",NA,NA,NA,NA,NA,"Coleoptera","Oedemeridae","Stenostoma","Stenostoma rostratum","(Fabricius, 1787)"
"251","m1","PT","Algarve ","Alvor Ria do Alvor ","37.04","-8.66","1982-05-16","A. Zuzarte",NA,"Vazquez database",NA,NA,NA,NA,NA,"Coleoptera","Oedemeridae","Stenostoma","Stenostoma rostratum","(Fabricius, 1787)"
"252","m1","PT","Algarve ","Faro Carrapateira 20km N Sagres","37.18","-8.91","2001-08-09","Schmid-Egger",NA,"NMPC",NA,NA,NA,NA,NA,"Coleoptera","Oedemeridae","Stenostoma","Stenostoma rostratum","(Fabricius, 1787)"
"253","m1","PT","Algarve ","Faro Ihla do Farol ","36.97","-7.86","2015-07-21","J. Lehnertova",NA,"Vazquez database",NA,NA,NA,NA,NA,"Coleoptera","Oedemeridae","Stenostoma","Stenostoma rostratum","(Fabricius, 1787)"
"254","m1","PT","Algarve ","Faro Quinta do Lago ","37.023439","-8.022143","2015-07-19","",NA,"inaturalist",NA,NA,NA,NA,NA,"Coleoptera","Oedemeridae","Stenostoma","Stenostoma rostratum","(Fabricius, 1787)"
"255","m1","PT","Algarve ","Faro Quinta do Lago ","37.03","-8.04","2013-06-15","",NA,"GBIF",NA,NA,NA,NA,NA,"Coleoptera","Oedemeridae","Stenostoma","Stenostoma rostratum","(Fabricius, 1787)"
"256","m1","PT","Algarve ","Faro Villa real de Sancto Antonio ","37.19","-7.42","","",NA,"Paulino de Oliveira (1893)",NA,NA,NA,NA,NA,"Coleoptera","Oedemeridae","Stenostoma","Stenostoma rostratum","(Fabricius, 1787)"
"257","m1","PT","Algarve ","Quarteira Praia da Quarteira (dunas) ","37.04","-8.21","1967-06-07","M. A. Diniz",NA,"Vazquez database",NA,NA,NA,NA,NA,"Coleoptera","Oedemeridae","Stenostoma","Stenostoma rostratum","(Fabricius, 1787)"
"258","m1","PT","Algarve ","Quarteira Quarteira ","37.06","-8.08","1970-06-07","C. & A. Jeekel",NA,"NMPC",NA,NA,NA,NA,NA,"Coleoptera","Oedemeridae","Stenostoma","Stenostoma rostratum","(Fabricius, 1787)"
"259","m1","PT","Algarve ","Sagres Monte Gordo,dunas de Portugal ","36.95","-9","1981-08-01","",NA,"Vazquez database",NA,NA,NA,NA,NA,"Coleoptera","Oedemeridae","Stenostoma","Stenostoma rostratum","(Fabricius, 1787)"
"260","m1","PT","Aveiro  ","Aveiro Mortosa ","40.76872696","-8.709668248","2018-08-19","",NA,"inaturalist",NA,NA,NA,NA,NA,"Coleoptera","Oedemeridae","Stenostoma","Stenostoma rostratum","(Fabricius, 1787)"
"261","m1","PT","Aveiro  ","Ílhavo Costa Nova ","40.56","-8.88","2009-08-10","M. Tomas",NA,"Vazquez database",NA,NA,NA,NA,NA,"Coleoptera","Oedemeridae","Stenostoma","Stenostoma rostratum","(Fabricius, 1787)"
"262","m1","PT","Beiras ","Coimbra  Figueira ","40.12","-8.86","","",NA,"Paulino de Oliveira (1893)",NA,NA,NA,NA,NA,"Coleoptera","Oedemeridae","Stenostoma","Stenostoma rostratum","(Fabricius, 1787)"
"263","m1","PT","Beiras ","Figuira da Foz Mata de Lavos ","40.02","-8.88","1946-07-28","",NA,"Vazquez database",NA,NA,NA,NA,NA,"Coleoptera","Oedemeridae","Stenostoma","Stenostoma rostratum","(Fabricius, 1787)"
"264","m1","PT","Braga ","Braga Chafè Porto","41.63887216","-8.817398362","2020-07-31","",NA,"inaturalist",NA,NA,NA,NA,NA,"Coleoptera","Oedemeridae","Stenostoma","Stenostoma rostratum","(Fabricius, 1787)"
"265","m1","PT","Braga ","Braga Esposende ","41.471222","-8.774222","2017-06-16","",NA,"inaturalist",NA,NA,NA,NA,NA,"Coleoptera","Oedemeridae","Stenostoma","Stenostoma rostratum","(Fabricius, 1787)"
"266","m1","PT","Braga ","Braga Viana do Castelo ","41.64","-8.88","1995-08-03","M. Tomas",NA,"Vazquez database",NA,NA,NA,NA,NA,"Coleoptera","Oedemeridae","Stenostoma","Stenostoma rostratum","(Fabricius, 1787)"
"267","m1","PT","Central Portugal ","Leira Lleira ","39.8","-9.01","","",NA,"Paulino de Oliveira (1893)",NA,NA,NA,NA,NA,"Coleoptera","Oedemeridae","Stenostoma","Stenostoma rostratum","(Fabricius, 1787)"
"268","m1","PT","Centro ","Aveiro, Praia de Barra","40.629167","-8.75","2022-07-26","V. Filippini",NA,"MAB",NA,NA,NA,NA,NA,"Coleoptera","Oedemeridae","Stenostoma","Stenostoma rostratum","(Fabricius, 1787)"
"269","m1","PT","Lisboa ","Almada Caparica ","38.57","-9.23","1974-08-03","P. Oromí",NA,"Vazquez database",NA,NA,NA,NA,NA,"Coleoptera","Oedemeridae","Stenostoma","Stenostoma rostratum","(Fabricius, 1787)"
"270","m1","PT","North Portugal ","Aveiro Espinho ","40.62","-8.75","","",NA,"Paulino de Oliveira (1893)",NA,NA,NA,NA,NA,"Coleoptera","Oedemeridae","Stenostoma","Stenostoma rostratum","(Fabricius, 1787)"
"271","m1","PT","Porto ","Porto Praia de Aguda ","41.05","-8.65","1974-08-03","P. Oromí",NA,"Vazquez database",NA,NA,NA,NA,NA,"Coleoptera","Oedemeridae","Stenostoma","Stenostoma rostratum","(Fabricius, 1787)"
"272","m1","PT","Regione Oeste ","Alcoba√ßa S. Martinho do Porto ","39.47","-9.23","1966-07-06","A. Zuzarte",NA,"Vazquez database",NA,NA,NA,NA,NA,"Coleoptera","Oedemeridae","Stenostoma","Stenostoma rostratum","(Fabricius, 1787)"
"273","m1","PT","Setubal ","Setubal Setubal ","38.37994175","-8.803104535","2019-06-01","",NA,"inaturalist",NA,NA,NA,NA,NA,"Coleoptera","Oedemeridae","Stenostoma","Stenostoma rostratum","(Fabricius, 1787)"
"274","m1","ES","Andalucia ","Cadiz Algeciras ","36.11","-5.55","2019-05","",NA,"Vazquez database",NA,NA,NA,NA,NA,"Coleoptera","Oedemeridae","Stenostoma","Stenostoma rostratum","(Fabricius, 1787)"
"275","m1","ES","Andalucia ","Cadiz Algeciras ","36.11","-5.55","2019-05","Lindberg",NA,"Vazquez database",NA,NA,NA,NA,NA,"Coleoptera","Oedemeridae","Stenostoma","Stenostoma rostratum","(Fabricius, 1787)"
"276","m1","ES","Andalucia ","Cadiz Cadiz ","36.47","-6.32","1932-05","Benítez",NA,"Vazquez database",NA,NA,NA,NA,NA,"Coleoptera","Oedemeridae","Stenostoma","Stenostoma rostratum","(Fabricius, 1787)"
"277","m1","ES","Andalucia ","Cadiz S. Roque ","36.21","-5.44","1966-05","J. Ramírez",NA,"Vazquez database",NA,NA,NA,NA,NA,"Coleoptera","Oedemeridae","Stenostoma","Stenostoma rostratum","(Fabricius, 1787)"
"278","m1","ES","Andalucia ","Malaga El Ejido ","36.68","-2.88","1987-06-16","M. Tomas",NA,"Vazquez database",NA,NA,NA,NA,NA,"Coleoptera","Oedemeridae","Stenostoma","Stenostoma rostratum","(Fabricius, 1787)"
"279","m1","ES","Andalucia ","Malaga Marbella ","36.48","-5.01","1962-07-01/1962-07-21","",NA,"Vazquez database",NA,NA,NA,NA,NA,"Coleoptera","Oedemeridae","Stenostoma","Stenostoma rostratum","(Fabricius, 1787)"
"280","m1","ES","Cantabria ","Santader Somo ","43.44","-3.74","1985-07-09","A. J. Velázquez",NA,"Vazquez database",NA,NA,NA,NA,NA,"Coleoptera","Oedemeridae","Stenostoma","Stenostoma rostratum","(Fabricius, 1787)"
"281","m1","ES","Cantabria ","Santader Somo ","43.44","-3.74","","F. Español",NA,"Vazquez database",NA,NA,NA,NA,NA,"Coleoptera","Oedemeridae","Stenostoma","Stenostoma rostratum","(Fabricius, 1787)"
"282","m1","ES","Cantabria ","Santader Somo ","43.44","-3.74","1954-07-28","S. V. Peris",NA,"Vazquez database",NA,NA,NA,NA,NA,"Coleoptera","Oedemeridae","Stenostoma","Stenostoma rostratum","(Fabricius, 1787)"
"283","m1","ES","Cantabria ","Santander Mogro ","43.34","-3.98","1956-08-26","E. Ortiz",NA,"Vazquez database",NA,NA,NA,NA,NA,"Coleoptera","Oedemeridae","Stenostoma","Stenostoma rostratum","(Fabricius, 1787)"
"284","m1","ES","Cataluna","Barcelona","41.27","2.04","1941-07-29","F. Español",NA,"Vazquez database",NA,NA,NA,NA,NA,"Coleoptera","Oedemeridae","Stenostoma","Stenostoma rostratum","(Fabricius, 1787)"
"285","m1","ES","Cataluna","Barcelona Barcelona (Casa Ant√∫nez) ","41.27","2.04","1948-06-01","F. Español",NA,"Vazquez database",NA,NA,NA,NA,NA,"Coleoptera","Oedemeridae","Stenostoma","Stenostoma rostratum","(Fabricius, 1787)"
"286","m1","ES","Cataluna","Barcelona Barcelona (faro Llobregat) ","41.27","2.04","1898-08-20","",NA,"Vazquez database",NA,NA,NA,NA,NA,"Coleoptera","Oedemeridae","Stenostoma","Stenostoma rostratum","(Fabricius, 1787)"
"287","m1","ES","Cataluna","Barcelona Barcelona (farola Llobregat) ","41.27","2.04","1941-07-24","F. Español",NA,"Vazquez database",NA,NA,NA,NA,NA,"Coleoptera","Oedemeridae","Stenostoma","Stenostoma rostratum","(Fabricius, 1787)"
"288","m1","ES","Cataluna","Barcelona Castelldefels ","41.27","1.92","1964-07-01","Pablos",NA,"Vazquez database",NA,NA,NA,NA,NA,"Coleoptera","Oedemeridae","Stenostoma","Stenostoma rostratum","(Fabricius, 1787)"
"289","m1","ES","Cataluna","Barcelona Delta del Llobregat ","41.27","2.07","","",NA,"GBIF; Lagar Mascarò (1971)",NA,NA,NA,NA,NA,"Coleoptera","Oedemeridae","Stenostoma","Stenostoma rostratum","(Fabricius, 1787)"
"290","m1","ES","Cataluna","Barcelona Desembocadura del Llobregat Barcelona","41.27","2.07","","",NA,"GBIF; Vazquez (1989), Agullo & Prieto (2012)",NA,NA,NA,NA,NA,"Coleoptera","Oedemeridae","Stenostoma","Stenostoma rostratum","(Fabricius, 1787)"
"291","m1","ES","Cataluna","Barcelona El Prat de Llobregat ","41.27","2.04","1974-08-12","T. Yélamos",NA,"Vazquez database",NA,NA,NA,NA,NA,"Coleoptera","Oedemeridae","Stenostoma","Stenostoma rostratum","(Fabricius, 1787)"
"292","m1","ES","Cataluna","Barcelona El Prat de Llobregat (aeroport) ","41.27","2.04","1976-06-12","T. Yélamos",NA,"Vazquez database",NA,NA,NA,NA,NA,"Coleoptera","Oedemeridae","Stenostoma","Stenostoma rostratum","(Fabricius, 1787)"
"293","m1","ES","Cataluna","Barcelona Gavá ","41.27","2.05","1898-08-20","",NA,"Lagar Mascarò (1971)",NA,NA,NA,NA,NA,"Coleoptera","Oedemeridae","Stenostoma","Stenostoma rostratum","(Fabricius, 1787)"
"294","m1","ES","Cataluna","Barcelona Gavá ","41.27","1.92","1898-08-20","",NA,"Vazquez database",NA,NA,NA,NA,NA,"Coleoptera","Oedemeridae","Stenostoma","Stenostoma rostratum","(Fabricius, 1787)"
"295","m1","ES","Cataluna","Barcelona Prat de Llobregat ","41.27","2.04","1948-06-01","B. Sjogren",NA,"Vazquez database",NA,NA,NA,NA,NA,"Coleoptera","Oedemeridae","Stenostoma","Stenostoma rostratum","(Fabricius, 1787)"
"296","m1","ES","Cataluna","Barcelona Prat de Llobregat Desembocadura del Estany del Remolar","41.27","2.07","2009-06-18","",NA,"Agullo & Prieto (2012)",NA,NA,NA,NA,NA,"Coleoptera","Oedemeridae","Stenostoma","Stenostoma rostratum","(Fabricius, 1787)"
"297","m1","ES","Cataluna","Barcelona Prat de Llobregat Platja del Prat","41.28","2.09","2009-07-10","",NA,"Agullo & Prieto (2012)",NA,NA,NA,NA,NA,"Coleoptera","Oedemeridae","Stenostoma","Stenostoma rostratum","(Fabricius, 1787)"
"298","m1","ES","Cataluna","Barcelona Prat de Llobregat Platja del Prat","41.28","2.09","2009-07-18","",NA,"Lagar Mascar√≥ (1971)",NA,NA,NA,NA,NA,"Coleoptera","Oedemeridae","Stenostoma","Stenostoma rostratum","(Fabricius, 1787)"
"299","m1","ES","Cataluna","Barcelona Sant Pere Pescador  ","42.19","3.1","","",NA,"GBIF; Teunissen (1998)",NA,NA,NA,NA,NA,"Coleoptera","Oedemeridae","Stenostoma","Stenostoma rostratum","(Fabricius, 1787)"
"300","m1","ES","Cataluna","Barcelona Viladencans Platja de Cal Francès","41.27","2.05","2009-07-10","",NA,"Agullo & Prieto (2012)",NA,NA,NA,NA,NA,"Coleoptera","Oedemeridae","Stenostoma","Stenostoma rostratum","(Fabricius, 1787)"
"301","m1","ES","Cataluna","Barcelona Viladencans Platja de la Pineda","41.27","2.05","2009-07-10","",NA,"Agullo & Prieto (2012)",NA,NA,NA,NA,NA,"Coleoptera","Oedemeridae","Stenostoma","Stenostoma rostratum","(Fabricius, 1787)"
"302","m1","ES","Cataluna","Barcelona Viladencans Platja del Remolar","41.27","2.05","2009-07-10","",NA,"Agullo & Prieto (2012)",NA,NA,NA,NA,NA,"Coleoptera","Oedemeridae","Stenostoma","Stenostoma rostratum","(Fabricius, 1787)"
"303","m1","ES","Cataluna","Girona L'Estartit Cataluña","42.03","3.19","1974-07-25","",NA,"GBIF",NA,NA,NA,NA,NA,"Coleoptera","Oedemeridae","Stenostoma","Stenostoma rostratum","(Fabricius, 1787)"
"304","m1","ES","Cataluna","Girona Torroella de Montgrí Cataluña","42.03","3.19","1972-07-01","",NA,"GBIF",NA,NA,NA,NA,NA,"Coleoptera","Oedemeridae","Stenostoma","Stenostoma rostratum","(Fabricius, 1787)"
"305","m1","ES","Cataluna","Girona Torroella de Montgrì Platja de la Gola del Ter","42.01","3.19","2009-06-29","",NA,"Agullo & Prieto (2012)",NA,NA,NA,NA,NA,"Coleoptera","Oedemeridae","Stenostoma","Stenostoma rostratum","(Fabricius, 1787)"
"306","m1","ES","Cataluna","Girona Torroella de Montgrì Platja de l'Estartit","42.03","3.19","2009-07-08","",NA,"Agullo & Prieto (2012)",NA,NA,NA,NA,NA,"Coleoptera","Oedemeridae","Stenostoma","Stenostoma rostratum","(Fabricius, 1787)"
"307","m1","ES","Ceuta ","Ceuta Benzú ","35.91","-5.4","","",NA,"Vazquez database",NA,NA,NA,NA,NA,"Coleoptera","Oedemeridae","Stenostoma","Stenostoma rostratum","(Fabricius, 1787)"
"308","m1","ES","Galicia ","La Coruña A Coruña ","43.35","-8.56","","Bolìvar",NA,"Vazquez database",NA,NA,NA,NA,NA,"Coleoptera","Oedemeridae","Stenostoma","Stenostoma rostratum","(Fabricius, 1787)"
"309","m1","ES","Galicia ","La Coruña Balarés, Corme ","43.17","-9","1978-08-10","J. P. Valcárcel",NA,"Vazquez database",NA,NA,NA,NA,NA,"Coleoptera","Oedemeridae","Stenostoma","Stenostoma rostratum","(Fabricius, 1787)"
"310","m1","ES","Galicia ","La Coruña El Ferrol ","43.49","-8.31","2000-08-08","",NA,"Vazquez database",NA,NA,NA,NA,NA,"Coleoptera","Oedemeridae","Stenostoma","Stenostoma rostratum","(Fabricius, 1787)"
"311","m1","ES","Galicia ","La Coruña Lagoa de Louro ","42.75","-9.09","2001-08-20","J. P. Valcárcel",NA,"Vazquez database",NA,NA,NA,NA,NA,"Coleoptera","Oedemeridae","Stenostoma","Stenostoma rostratum","(Fabricius, 1787)"
"312","m1","ES","Galicia ","La Coruña Lagoa de Louro, Muros ","42.72","-9.12","1998-06-20","J. P. Valcárcel",NA,"Vazquez database",NA,NA,NA,NA,NA,"Coleoptera","Oedemeridae","Stenostoma","Stenostoma rostratum","(Fabricius, 1787)"
"313","m1","ES","Galicia ","La Coruña Louro ","42.72","-9.12","2027-06-14","L. Iglesias",NA,"Vazquez database",NA,NA,NA,NA,NA,"Coleoptera","Oedemeridae","Stenostoma","Stenostoma rostratum","(Fabricius, 1787)"
"314","m1","ES","Galicia ","La Coruña Ortigueira Praia de Morouzos, ","43.7","-7.84","2004-07-10","J. P. Valcárcel",NA,"Vazquez database",NA,NA,NA,NA,NA,"Coleoptera","Oedemeridae","Stenostoma","Stenostoma rostratum","(Fabricius, 1787)"
"315","m1","ES","Galicia ","La Coruña Playa de Esteiro, Ría do Barquero ","43.7","-7.75","1996-08-16","J. P. Valcárcel",NA,"Vazquez database",NA,NA,NA,NA,NA,"Coleoptera","Oedemeridae","Stenostoma","Stenostoma rostratum","(Fabricius, 1787)"
"316","m1","ES","Galicia ","Pontevedra La Lanzada ","42.36","-8.87","1953-08-13","W. Steiner",NA,"Vazquez database",NA,NA,NA,NA,NA,"Coleoptera","Oedemeridae","Stenostoma","Stenostoma rostratum","(Fabricius, 1787)"
"317","m1","ES","Galicia ","Pontevedra Playa de Bbarra ","42.26","-8.84","","",NA,"Eiroa et al. (1988)",NA,NA,NA,NA,NA,"Coleoptera","Oedemeridae","Stenostoma","Stenostoma rostratum","(Fabricius, 1787)"
"318","m1","ES","Galicia ","Pontevedra Playa Lanzada ","42.36","-8.87","","F. Español",NA,"Vazquez database",NA,NA,NA,NA,NA,"Coleoptera","Oedemeridae","Stenostoma","Stenostoma rostratum","(Fabricius, 1787)"
"319","m1","ES","Galicia ","Pontevedra Playa Lanzada ","42.36","-8.87","1984-07-30","T. Yélamos",NA,"Vazquez database",NA,NA,NA,NA,NA,"Coleoptera","Oedemeridae","Stenostoma","Stenostoma rostratum","(Fabricius, 1787)"
"320","m1","ES","Galicia ","Vigo  Cangas Playa de Barra","42.27","-8.87","1981-08-05/1981-08-15","",NA,"Vazquez database",NA,NA,NA,NA,NA,"Coleoptera","Oedemeridae","Stenostoma","Stenostoma rostratum","(Fabricius, 1787)"
"321","m1","ES","Galicia ","Vigo Islas C√≠es ","42.18","-9","1974-08-01/1974-08-02","J. O. Otero",NA,"Vazquez database",NA,NA,NA,NA,NA,"Coleoptera","Oedemeridae","Stenostoma","Stenostoma rostratum","(Fabricius, 1787)"
"322","m1","ES","Galicia ","Vigo Islas C√≠es ","42.18","-9","1981-08-01","M. Ortego",NA,"Vazquez database",NA,NA,NA,NA,NA,"Coleoptera","Oedemeridae","Stenostoma","Stenostoma rostratum","(Fabricius, 1787)"
"323","m1","ES","Galicia ","Vigo Islas C√≠es, Playa Rodas ","42.18","-9","1977-07-01/1977-07-02","J. O. Otero",NA,"Vazquez database",NA,NA,NA,NA,NA,"Coleoptera","Oedemeridae","Stenostoma","Stenostoma rostratum","(Fabricius, 1787)"
"324","m1","ES","Melilla ","Melilla","35.31","-2.95","","",NA,"Martenez de la Escalera (1914)",NA,NA,NA,NA,NA,"Coleoptera","Oedemeridae","Stenostoma","Stenostoma rostratum","(Fabricius, 1787)"
"325","m1","ES","Melilla ","Melilla","35.31","-2.95","2009-06","Arias",NA,"Vazquez database",NA,NA,NA,NA,NA,"Coleoptera","Oedemeridae","Stenostoma","Stenostoma rostratum","(Fabricius, 1787)"
"326","m1","ES","Melilla ","Melilla Restinga","35.15","-2.78","2009-06","Arias",NA,"Vazquez database",NA,NA,NA,NA,NA,"Coleoptera","Oedemeridae","Stenostoma","Stenostoma rostratum","(Fabricius, 1787)"
"327","m1","ES","Valencia ","Alicante Alicante Torrevieja","38.03","-0.65","1970-06-12","M. C. & G. K. Kruseman ",NA,"NMPC",NA,NA,NA,NA,NA,"Coleoptera","Oedemeridae","Stenostoma","Stenostoma rostratum","(Fabricius, 1787)"
"328","m1","ES","Valencia ","Alicante Pego ","38.81","-0.12","","Torres Sala",NA,"Vazquez database",NA,NA,NA,NA,NA,"Coleoptera","Oedemeridae","Stenostoma","Stenostoma rostratum","(Fabricius, 1787)"
"329","m1","ES","Valencia ","Valencia Albufera Dehesa","39.26","-0.33","","E. Moroder",NA,"Vazquez database",NA,NA,NA,NA,NA,"Coleoptera","Oedemeridae","Stenostoma","Stenostoma rostratum","(Fabricius, 1787)"
"330","m1","ES","Valencia ","Valencia Albufera Dehesa","39.26","-0.33","1966-06","J. Vives",NA,"Vazquez database",NA,NA,NA,NA,NA,"Coleoptera","Oedemeridae","Stenostoma","Stenostoma rostratum","(Fabricius, 1787)"
"331","m1","ES","Valencia ","Valencia Torrente ","39.36","-0.56","","Torres Sala",NA,"Vazquez database",NA,NA,NA,NA,NA,"Coleoptera","Oedemeridae","Stenostoma","Stenostoma rostratum","(Fabricius, 1787)"
"332","m1","ES","Valencia ","Valencia","39.45","-0.44","","",NA,"Vazquez database",NA,NA,NA,NA,NA,"Coleoptera","Oedemeridae","Stenostoma","Stenostoma rostratum","(Fabricius, 1787)"
"333","m1","TU","Nord Est ","Nabeul Korba ","36.57","10.86","","",NA,"NMPC",NA,NA,NA,NA,NA,"Coleoptera","Oedemeridae","Stenostoma","Stenostoma rostratum","(Fabricius, 1787)"
"334","m1","TU","Nord Est ","Nabeul Nabeul ","36.44","10.74","1989-06-27","",NA,"NMPC",NA,NA,NA,NA,NA,"Coleoptera","Oedemeridae","Stenostoma","Stenostoma rostratum","(Fabricius, 1787)"
"335","m1","TU","Nord Est ","Tunis Bordj Cédria ","36.68","10.37","","",NA,"Normand (1936)",NA,NA,NA,NA,NA,"Coleoptera","Oedemeridae","Stenostoma","Stenostoma rostratum","(Fabricius, 1787)"
"336","m1","TU","Nord Est ","Tunis Radès ","36.77","10.28","","",NA,"Normand (1936)",NA,NA,NA,NA,NA,"Coleoptera","Oedemeridae","Stenostoma","Stenostoma rostratum","(Fabricius, 1787)"
"337","m1","TU","Nord Ouest ","Béja-Bizerte  btw Cap Negro .Cap Serrat","37.16","9.12","1984-06-04","P. Audisio",NA,"MAB",NA,NA,NA,NA,NA,"Coleoptera","Oedemeridae","Stenostoma","Stenostoma rostratum","(Fabricius, 1787)"
"338","m1","TU","Nord Ouest ","Jendouba btw Babouch. Tabarka ","36.96","8.73","1984-06-03","Bologna",NA,"MAB",NA,NA,NA,NA,NA,"Coleoptera","Oedemeridae","Stenostoma","Stenostoma rostratum","(Fabricius, 1787)"
"339","m1","TU","Nord Ouest ","Jendouba Tabarka ","36.96","8.74","","",NA,"Normand (1936)",NA,NA,NA,NA,NA,"Coleoptera","Oedemeridae","Stenostoma","Stenostoma rostratum","(Fabricius, 1787)"
"340","m1","TU","Nord Ouest ","Jendouba Tabarka-Pobrezi ","36.95","8.73","2008-07-07","Mantic ",NA,"NMPC",NA,NA,NA,NA,NA,"Coleoptera","Oedemeridae","Stenostoma","Stenostoma rostratum","(Fabricius, 1787)"
"341","6942601","IT","Sicilia TP","Pantelleria Island, Lago di Venere","36.7","11.9","2019-06-17","M. Pavesi",NA,"coll. Poloni","4826b","","ethanol 96","whole body","MAB (Roma 3 University, Rome)","Coleoptera","Oedemeridae","Stenostoma","Stenostoma cossyrense","Bologna, 1995"
"342","6942601","IT","Sicilia TP","Pantelleria Island, Lago di Venere","36.7","11.9","2019-06-17","M. Pavesi",NA,"coll. Poloni","4877","","ethanol 96","whole body","MAB (Roma 3 University, Rome)","Coleoptera","Oedemeridae","Stenostoma","Stenostoma cossyrense","Bologna, 1995"
"343","6942601","IT","Sicilia TP","Pantelleria Island, Lago di Venere","36.7","11.9","2019-06-17","M. Pavesi",NA,"coll. Poloni","4878","","ethanol 96","whole body","MAB (Roma 3 University, Rome)","Coleoptera","Oedemeridae","Stenostoma","Stenostoma cossyrense","Bologna, 1995"
"344","6942601","IT","Sicilia TP","Pantelleria Island, Lago di Venere","36.7","11.9","2019-06-17","M. Pavesi",NA,"coll. Poloni","﻿4826a","","ethanol 96","whole body","MAB (Roma 3 University, Rome)","Coleoptera","Oedemeridae","Stenostoma","Stenostoma cossyrense","Bologna, 1995"
"345","9175253","PT","Madeira","Madeira, at a walk from Achada do Gramacho to Ribeira de S√£o Jorge, north of Madeira in Santana County","32.82","-16.9","2021-06-30","A. Franquino-Aguilar",NA,"coll. Poloni","4869","","ethanol 96","whole body","MAB (Roma 3 University, Rome)","Coleoptera","Oedemeridae","Stenostoma","Stenostoma lowei","(Wollaston, 1854)"
"346","9175253","PT","Madeira","Madeira, at a walk from Achada do Gramacho to Ribeira de S√£o Jorge, north of Madeira in Santana County","32.82","-16.9","2021-06-30","A. Franquino-Aguilar",NA,"coll. Poloni","4870","","ethanol 96","whole body","MAB (Roma 3 University, Rome)","Coleoptera","Oedemeridae","Stenostoma","Stenostoma lowei","(Wollaston, 1854)"
"347","9175253","PT","Madeira","Madeira, at a walk from Achada do Gramacho to Ribeira de S√£o Jorge, north of Madeira in Santana County","32.82","-16.9","2021-06-30","A. Franquino-Aguilar",NA,"coll. Poloni","4871","","ethanol 96","whole body","MAB (Roma 3 University, Rome)","Coleoptera","Oedemeridae","Stenostoma","Stenostoma lowei","(Wollaston, 1854)"
"348","9175253","PT","Madeira","Madeira, at a walk from Achada do Gramacho to Ribeira de S√£o Jorge, north of Madeira in Santana County","32.82","-16.9","2021-06-30","A. Franquino-Aguilar",NA,"coll. Poloni","4872","","ethanol 96","whole body","MAB (Roma 3 University, Rome)","Coleoptera","Oedemeridae","Stenostoma","Stenostoma lowei","(Wollaston, 1854)"
"349","9175253","PT","Madeira","Madeira, at a walk from Achada do Gramacho to Ribeira de S√£o Jorge, north of Madeira in Santana County","32.82","-16.9","2021-06-30","A. Franquino-Aguilar",NA,"coll. Poloni","4873","","ethanol 96","whole body","MAB (Roma 3 University, Rome)","Coleoptera","Oedemeridae","Stenostoma","Stenostoma lowei","(Wollaston, 1854)"
"350","9175253","PT","Madeira","Madeira, Levada da Raposeira, Faj√£ da Ovelha (south in Calheta County)","32.76","-17.21","2021-07-22","A. Franquino-Aguilar",NA,"coll. Poloni","4875","","ethanol 96","whole body","MAB (Roma 3 University, Rome)","Coleoptera","Oedemeridae","Stenostoma","Stenostoma lowei","(Wollaston, 1854)"
"351","6942602","IT","Sicilia RG","Punta Braccetto","36.82","14.46","2021-06-12","M. A. Bologna, C. Marangoni",NA,"coll. Poloni","4804","","ethanol 96","whole body","MAB (Roma 3 University, Rome)","Coleoptera","Oedemeridae","Stenostoma","Stenostoma melitense","Cameron, 1907"
"352","6942602","IT","Sicilia RG","Punta Braccetto","36.82","14.46","2021-06-12","M. A. Bologna, C. Marangoni",NA,"coll. Poloni","4805","","ethanol 96","whole body","MAB (Roma 3 University, Rome)","Coleoptera","Oedemeridae","Stenostoma","Stenostoma melitense","Cameron, 1907"
"353","6942602","IT","Sicilia RG","Punta Braccetto","36.82","14.46","2021-06-12","M. A. Bologna, C. Marangoni",NA,"coll. Poloni","4806","","ethanol 96","whole body","MAB (Roma 3 University, Rome)","Coleoptera","Oedemeridae","Stenostoma","Stenostoma melitense","Cameron, 1907"
"354","6942602","IT","Sicilia RG","Punta Braccetto","36.82","14.46","2021-06-12","M. A. Bologna, C. Marangoni",NA,"coll. Poloni","4807","","ethanol 96","whole body","MAB (Roma 3 University, Rome)","Coleoptera","Oedemeridae","Stenostoma","Stenostoma melitense","Cameron, 1907"
"355","6942602","IT","Sicilia RG","Punta Braccetto","36.82","14.46","2021-06-12","M. A. Bologna, C. Marangoni",NA,"coll. Poloni","4808","","ethanol 96","whole body","MAB (Roma 3 University, Rome)","Coleoptera","Oedemeridae","Stenostoma","Stenostoma melitense","Cameron, 1907"
"356","6942602","MT","","Malta Island, Dingli (Gebel Ciantar)","35.86","14.37","2021-06-20","T. Cassar",NA,"coll. Poloni","4843","","ethanol 96","whole body","MAB (Roma 3 University, Rome)","Coleoptera","Oedemeridae","Stenostoma","Stenostoma melitense","Cameron, 1907"
"357","6942602","MT","","Malta Island, Dingli (Gebel Ciantar)","35.86","14.37","2021-06-20","T. Cassar",NA,"coll. Poloni","4844","","ethanol 96","whole body","MAB (Roma 3 University, Rome)","Coleoptera","Oedemeridae","Stenostoma","Stenostoma melitense","Cameron, 1907"
"358","6942602","MT","","Malta Island, Dingli (Gebel Ciantar)","35.86","14.37","2021-06-20","T. Cassar",NA,"coll. Poloni","4845","","ethanol 96","whole body","MAB (Roma 3 University, Rome)","Coleoptera","Oedemeridae","Stenostoma","Stenostoma melitense","Cameron, 1907"
"359","6942602","MT","","Malta Island, Dingli (Gebel Ciantar)","35.86","14.37","2021-06-20","T. Cassar",NA,"coll. Poloni","4846","","ethanol 96","whole body","MAB (Roma 3 University, Rome)","Coleoptera","Oedemeridae","Stenostoma","Stenostoma melitense","Cameron, 1907"
"360","6942602","MT","","Malta Island, Dingli (Gebel Ciantar)","35.86","14.37","2021-06-20","T. Cassar",NA,"coll. Poloni","4847","","ethanol 96","whole body","MAB (Roma 3 University, Rome)","Coleoptera","Oedemeridae","Stenostoma","Stenostoma melitense","Cameron, 1907"
"361","m1","IT","Sardegna OR","Narbolia, Is Arenas, camping Nurapolis","40.06","8.46","2021-06-24","M. A. Bologna, A. Riccieri",NA,"coll. Poloni","4769","","ethanol 96","whole body","MAB (Roma 3 University, Rome)","Coleoptera","Oedemeridae","Stenostoma","Stenostoma rostratum","(Fabricius, 1787)"
"362","m1","IT","Sardegna OR","Narbolia, Is Arenas, camping Nurapolis","40.06","8.46","2021-06-24","M. A. Bologna, A. Riccieri",NA,"coll. Poloni","4770","","ethanol 96","whole body","MAB (Roma 3 University, Rome)","Coleoptera","Oedemeridae","Stenostoma","Stenostoma rostratum","(Fabricius, 1787)"
"363","m1","IT","Sardegna SS","Porto Ferro Beach","40.68","8.2","2021-06-22/2021-06-25","M. A. Bologna, A. Riccieri",NA,"coll. Poloni","4788","","ethanol 96","whole body","MAB (Roma 3 University, Rome)","Coleoptera","Oedemeridae","Stenostoma","Stenostoma rostratum","(Fabricius, 1787)"
"364","m1","IT","Sardegna SS","Porto Ferro Beach","40.68","8.2","2021-06-22/2021-06-25","M. A. Bologna, A. Riccieri",NA,"coll. Poloni","4789","","ethanol 96","whole body","MAB (Roma 3 University, Rome)","Coleoptera","Oedemeridae","Stenostoma","Stenostoma rostratum","(Fabricius, 1787)"
"365","m1","IT","Lazio RM","Rome province, Ladispoli, Torre Flavia","41.96","12.04","2021-06-19/2021-07-01","E. Silvia, De Michelis",NA,"coll. Poloni","4798","","ethanol 96","whole body","MAB (Roma 3 University, Rome)","Coleoptera","Oedemeridae","Stenostoma","Stenostoma rostratum","(Fabricius, 1787)"
"366","m1","IT","Lazio RM","Rome province, Ladispoli, Torre Flavia","41.96","12.04","2021-06-19/2021-07-01","E. Silvia, De Michelis",NA,"coll. Poloni","4799","","ethanol 96","whole body","MAB (Roma 3 University, Rome)","Coleoptera","Oedemeridae","Stenostoma","Stenostoma rostratum","(Fabricius, 1787)"
"367","m1","IT","Lazio VT","Montalto di Castro","42.33","11.57","2021-06-22","E. Capogna",NA,"coll. Poloni","4803","","ethanol 96","whole body","MAB (Roma 3 University, Rome)","Coleoptera","Oedemeridae","Stenostoma","Stenostoma rostratum","(Fabricius, 1787)"
"368","m1","IT","Sicilia RG","Punta Braccetto","36.83","14.45","2021-06-12","M. A. Bologna, C. Marangoni",NA,"coll. Poloni","4820","","ethanol 96","whole body","MAB (Roma 3 University, Rome)","Coleoptera","Oedemeridae","Stenostoma","Stenostoma rostratum","(Fabricius, 1787)"
"369","m1","IT","Sicilia RG","Punta Braccetto","36.83","14.45","2021-06-12","M. A. Bologna, C. Marangoni",NA,"coll. Poloni","4821","","ethanol 96","whole body","MAB (Roma 3 University, Rome)","Coleoptera","Oedemeridae","Stenostoma","Stenostoma rostratum","(Fabricius, 1787)"
"370","m1","ES","","Girona, Torroella de Montgri","42.01","3.19","2009-06-22","",NA,"coll. Poloni","4827","","ethanol 96","whole body","MAB (Roma 3 University, Rome)","Coleoptera","Oedemeridae","Stenostoma","Stenostoma rostratum","(Fabricius, 1787)"
"371","m1","IT","Puglia FG","Ischitella, Foce Varano Beach","41.91","15.79","2021-07-07","R. Vanzini",NA,"coll. Poloni","4831","","ethanol 96","whole body","MAB (Roma 3 University, Rome)","Coleoptera","Oedemeridae","Stenostoma","Stenostoma rostratum","(Fabricius, 1787)"
"372","m1","IT","Puglia FG","Ischitella, Foce Varano Beach","41.91","15.79","2021-07-07","R. Vanzini",NA,"coll. Poloni","4832","","dry","whole body","MAB (Roma 3 University, Rome)","Coleoptera","Oedemeridae","Stenostoma","Stenostoma rostratum","(Fabricius, 1787)"
"373","m1","FR","Corsica","Les Sables de Bisiglia","42.59","9.5","2021-07-07","P. Cerretti",NA,"coll. Poloni","4848","","ethanol 96","whole body","MAB (Roma 3 University, Rome)","Coleoptera","Oedemeridae","Stenostoma","Stenostoma rostratum","(Fabricius, 1787)"
"374","m1","MA","Rabat","Kenitra, Plage Sidi Boughaba","34.215098","-6.694575","2022-05-30","R. Poloni",NA,"coll. Poloni","5334","","ethanol 96","whole body","MAB (Roma 3 University, Rome)","Coleoptera","Oedemeridae","Stenostoma","Stenostoma rostratum","(Fabricius, 1787)"
"375","m1","MA","Rabat","Kenitra, Plage Sidi Boughaba","34.215098","-6.694575","2022-05-30","R. Poloni",NA,"coll. Poloni","5335","","ethanol 96","whole body","MAB (Roma 3 University, Rome)","Coleoptera","Oedemeridae","Stenostoma","Stenostoma rostratum","(Fabricius, 1787)"
